name,address,type,gauges,bribe_ca,fee_ca
sAMM-USDT/FITFI,0x0348D8fabbcB84069662e454E4f714DcD5d0C412,sAMM,0x0000000000000000000000000000000000000000,0x0000000000000000000000000000000000000000,0x0000000000000000000000000000000000000000
sAMM-DEI/BUSD,0x06589AbD54582783142E3D1165722e7e10483De0,sAMM,0x4d22DD55A9f4E5de12523e1B7f594CF57605ED31,0xB41adC9e7948435494445CF1c9c5A2675CaBDE56,0xec31916f359c141BA859851569b5E7De4fC02E0f
vAMM-MULTI/WBNB,0x075E794F631eE81df1aadB510aC6Ec8803B0FA35,vAMM,0x7Ab3e3cF64657FD89fcb399796f0888206766601,0xd7542f9Ba7B42e92B920cD989E7CEA97a1C7aE2F,0x57Db630a7bdF464F9Db0C6389692E0E600ea5A63
sAMM-WBNB/stkBNB,0x091A3f00feFD09e5343FE4d126B14dc896640786,sAMM,0x0000000000000000000000000000000000000000,0x0000000000000000000000000000000000000000,0x0000000000000000000000000000000000000000
vAMM-HAY/BUSD,0x0a0b71feC85C490469Dd6459E3a4eC1e6A7CC66D,vAMM,0x68988264bfCf979e3520909C184A91088133F65b,0xB1eD9913e4Be7fe5e972dB02D908a16aAA964529,0x1B5E43050f210a520a8516bD162B305f120265Bf
vAMM-USDC/LIQ,0x0A65Af66C963E04D28C1497066362Dacb91dd1a0,vAMM,0xE057f5fe2042E3C48689Abb35928ecCCEBfd7722,0xD2F25D38aD1617a9896c7a8cF8287b0829Cf2637,0xe2A972009B2629E5f729A93AAF64beEDC7eCDDe3
vAMM-USDT/GHNY,0x0b4CE324b89537379939Abb3b35b04b4cC1CF4Fd,vAMM,0x12ff6217B92C4b6b773DaB53dfeb216894Bb60F3,0x2Afe39F548E828D3FFb3fE92c7003CC7fA5895c1,0x11fB4012D00b3FE8CeC9fE26ABAb08B238C89222
vAMM-cpTHE/WBNB,0x0C32b95142eD07e07b95F6c2EC8Ef05EDb0c4F45,vAMM,0x7388a4063bf396Ab8994493142C3B7A26B0Ef83C,0xf8BA02559F30D6Bf032518Ae26199dd4Fb6119e8,0x78e747521cd3eFE8a322De5F38c16428FD18b285
vAMM-frxETH/FRAX,0x0D8401cBc650e82D1F21A7461efC6409Ef55C4Db,vAMM,0x4bba4d4FdDE2C887981A0b55b6f385bAaba58060,0x96251528F282fE0D6238DF9fC050e02593E86915,0xD392Dac70B885fBcb6C087897D3Bd12513a79ABd
vAMM-DOLA/FRAX,0x0D9aB02ae2110170B8e83B3ABa4E3aC2398Ab541,vAMM,0x0000000000000000000000000000000000000000,0x0000000000000000000000000000000000000000,0x0000000000000000000000000000000000000000
sAMM-MULTI/WBNB,0x0dB08Af3BfEE2083C702b20c89Cbcadad68eB51a,sAMM,0x0000000000000000000000000000000000000000,0x0000000000000000000000000000000000000000,0x0000000000000000000000000000000000000000
vAMM-WBNB/CHAM,0x0ec098Aa4bC6A31e4f804E653F0488Eb0FEb1a2A,vAMM,0x510c37834E20027E9987c7d85A3040BAD8e1365e,0x9886d65f37444D6388BF3DD0E078319FA3EeA8b5,0xDB4B7919E19be5A690A4CE3976A0B1e17f49aaeA
vAMM-BUSD/CUSD,0x0F68c7cCb6a87fe988109A42A446786ddf368eD8,vAMM,0x0000000000000000000000000000000000000000,0x0000000000000000000000000000000000000000,0x0000000000000000000000000000000000000000
vAMM-MIX/WBNB,0x0f7d50A2728dE6f94B3aC8013031f527572cc9F1,vAMM,0x4BE31cd6cCc28EeC41dD9cB8A74d788C83B01db0,0xC2384e084922fE494dC48d948cF0A0e5096dC369,0xFA6f38d5c77460e1A0A9CA3fC4504ACCe3C8e779
vAMM-HAY/THE,0x0f8Bbc44650BF30F53343c3D2BF5c10356B64bD5,vAMM,0x7bE80587520Cec6dD71b898b63421EDaD94cb899,0xb3bb6BD388D6e343A25E14701a497875F03ae932,0xcE41C00b4aB8AB877d119e4048F2a19E2B5b5805
vAMM-MAI/FXS,0x10F9f7355Fb75C73718Afad8AdBc7BF72c5A0715,vAMM,0x0000000000000000000000000000000000000000,0x0000000000000000000000000000000000000000,0x0000000000000000000000000000000000000000
sAMM-C98/CUSD,0x12D06Ce4Bf2149909F6E4808A48c254d9C07102b,sAMM,0x0000000000000000000000000000000000000000,0x0000000000000000000000000000000000000000,0x0000000000000000000000000000000000000000
vAMM-CGPT/BUSD,0x135Df9Df6e7bBa507BA0DaC6C0469fFF4aF7F864,vAMM,0x0000000000000000000000000000000000000000,0x0000000000000000000000000000000000000000,0x0000000000000000000000000000000000000000
vAMM-WBNB/SLM,0x13660309E0001884d53e86Ea21f1EB1D6E330A05,vAMM,0x131FF1B80153C6D80a74dF3e6D9A166807Fc53A8,0xc07d658bEfD650eA94Ad7D05DCa82D79bf5b1130,0xa65749BB32c2b6e61b60Ce48Db03020702A14d5B
vAMM-ankrMATIC/MATIC,0x138104C01d0c8fBEB5D6caA99a38A93E9a7868eB,vAMM,0x04a5F3ec27D607F28Ace826885818F4Ff581AE65,0xed5dCcFE0f1527254EBAC5D44576b76b5036Df70,0x26D0a7cfe3035e7cb116D7653E1Cf78104aFa529
sAMM-USD+/CUSD,0x150990B9630fFe2322999e86905536E2E7e8d93f,sAMM,0x87644FC2d1Fcfae48b0B51282Ce8b5A4081ec68B,0x8077d5A4728f6CdEbEF8503c8F66C39633AF347D,0x80fFbE849da43DBE54C715ecDD8c7B4E36c52B74
vAMM-ID/WBNB,0x1663786974fecF742BdEA32222C96BaE58d0Fc65,vAMM,0x4A79cc9DB438F8DfF9290ABBc2439BCF82Fd9292,0xeF299f3eEA75408F0FA363062b8092bBAA42D396,0xE64cA21F6ee61eEeD3A2c64cc84875c8e730E43b
vAMM-MAI/WBNB,0x16b32FfcEc07C8177AE037c69D10234edCfb0a5c,vAMM,0xcF32695bB0a9719C05643d24f608C5E5B6313aC0,0xd788eA24772500eb2B9e1B35E51FdAE8C4C5894a,0xEB8FeEf646a2262113991CA8ec7ee2D2fe54630f
vAMM-fBOMB/THE,0x18c12680ACA1A2660ADC88751b49bd156f435b3D,vAMM,0xd9694Bb4538596dF94Cc6A76145560097865Bba4,0x7179d4B36344410DFd00532600fa5089b90c4fEC,0x6964242C920689C1049EA3c29dF10fA99d6e3600
vAMM-jEUR/WBNB,0x18d6583a0238C141EbEB3bA3e39ba4481312ed37,vAMM,0x0000000000000000000000000000000000000000,0x0000000000000000000000000000000000000000,0x0000000000000000000000000000000000000000
vAMM-BNBx/USDT,0x19420fa1D0E350b5d46a8D3B24Ff2421744eB54E,vAMM,0x2B66EEBfce76486bc023AA5D8526cC6C89b52e23,0xed85fBec34161B073bb7410a94060462ae65D9dA,0xC1BDdeA0055a22daDc82F5DEcfE488bfEDF49FBA
vAMM-jEUR/BUSD,0x1960d3548F2031baF05daf558D5D644A580722EA,vAMM,0x0000000000000000000000000000000000000000,0x0000000000000000000000000000000000000000,0x0000000000000000000000000000000000000000
vAMM-sfrxETH/frxETH,0x1964f694B722045D8cF757e19c9439E38810b5DB,vAMM,0x0000000000000000000000000000000000000000,0x0000000000000000000000000000000000000000,0x0000000000000000000000000000000000000000
vAMM-USDT/XCAD,0x1a839f1887A76cfC113a494DF08d3b4343aFCE19,vAMM,0xd695Bb80cF5F665ed76d56fc16232A022087ec9F,0x7611BD12F498A9abF3500b54C8Ffc56fceBc2762,0xaff3570aC0c10Bce78259ab594eef196249b1d70
vAMM-ETH/LINK,0x1Abd186f1bA4cF6CFF32514454Da180C05e6Df21,vAMM,0xd9E78BA3A992F99d3652Bbd2f9E3105bA5143A2f,0x3B09D40A0302e532384394fAfDFf696290E8340C,0xD93e548f1423b50F2B455cBD611D74cE4C304EB8
vAMM-ETH/WBNB,0x1d168C5b5DEa1c6dA0E9FD9bf4B7607e4e9D8EeC,vAMM,0xF210937f7D4bDD700CbfEd977451C5602EcE2342,0xdd372600C9AaC0b7cB7ecb2055087A2531C30664,0xC001b658db7013C0F5368D43F9a40aeAE03aB1F2
sAMM-BUSD/THE,0x1DE8Ee98012Dae7861e76ff38Df9DdAC32CCc947,sAMM,0x4eE24b92ddb802373ddFfb6C9E5c86e07C019b42,0x66336B26915703151b4392a58E1D1F6446BbD573,0x2E0AE5FB6979cc6A068d19b21fe08e69E3349996
vAMM-ETH/frxETH,0x1ed421aa33fFd165423B33E17568626B40eBd25C,vAMM,0xc82C4b87Be5351eB76774d41356fb393A46ca872,0x4E77f325b3A183BaBa6A5a77f1b1E505c9EC3163,0x2d8727fB3a3E541b51966a83f7F0fFd076247579
vAMM-FS/USDT,0x1F02F41906b4E1909166e542EDA61AB2924c5a37,vAMM,0xC2D55F8209D3D8298B6D7d4345480dAc9A125bE0,0xa4Fd40D6360D7Ca8D4aA332ae4Ba99344706ac09,0x9C996Bdb02EBF1a0A05BB3CeDFBc9f0c90504BFb
vAMM-FIL/WBNB,0x1f06C7E323Bc3A5C94Bb6B760C128830cDF6ADfB,vAMM,0x37E874371024E98267878796170873B440ce5f74,0xA3Ee0978478Ea76348bf3Be5fcd6B01150056FCC,0xD7BE63c6E076B68F78C0Be2794F62DAA653dcEa4
sAMM-HAY/USD+,0x1F3cA66c98d682fA1BeC31264692daD4f17340BC,sAMM,0xB0a69681d82c90B80B689BaF43ccfa6270f1DdE5,0x1c5f9A3464371B441AeAb28E4ed2a23cd1A9c6c3,0xDf668DE731E524EBfCAb57E91a739E357352a244
vAMM-XRP/XCAD OLD,0x2127bd04dDc9d8d1a4fAfCd96b4D4D81153831BC,vAMM,0x0000000000000000000000000000000000000000,0x0000000000000000000000000000000000000000,0x0000000000000000000000000000000000000000
vAMM-BETS/WBNB,0x21f60Af65Ba9A20c3320B6938aaa60237f6bEEA8,vAMM,0xa6Db1ea1aeceA1089F815d92Ca30B34c17610B47,0xF9DA23f905f24381f2966ceBc94b38996869E2F9,0xd920356C401aecAe3D082f50293E5D0d0734EEa8
vAMM-dXCAD/BUSD,0x238a45C2c6531356aE60DA6123340DD203D5336A,vAMM,0x8E1029F14bE595E5993486d8d21C51a6e534886C,0x6230Ac5B3fA6bE068686dcFfCa0f4AC7e48b3bF5,0x4C7765EcBc5BFcf2cE86B4e9d406C14b158C9F8D
sAMM-BTCB/multiBTC,0x2475FF2A7C81da27eA2e08e0d3B0Ad01e16225eC,sAMM,0x66B34c7578B513600a31A3f79C47e10546830efF,0x2106747370C2457005Dd6A8f5251833C0C2708b9,0xC71ccd1c4034F0f5cCb8eD2CAeD845C8edba1984
vAMM-USDT/USDC,0x262029C946D868CA5C339D4eA605e65928e2013A,vAMM,0x0000000000000000000000000000000000000000,0x0000000000000000000000000000000000000000,0x0000000000000000000000000000000000000000
sAMM-DOLA/WBNB,0x271bF92185D0Dc68EC700010789791d303f6A558,sAMM,0x0000000000000000000000000000000000000000,0x0000000000000000000000000000000000000000,0x0000000000000000000000000000000000000000
vAMM-XCAD/BUSD,0x2896b0d3fB19B79fCB7b7EDe832deB6c1621664c,vAMM,0x31722F85268d0Ecd7d97162bD8c6053493201502,0x41Ff274e0085461b18E3F822AE9a9403BF5A289b,0x5d62A917Ef54c4A1Ca8E18B3C9ACcC3DDEB45c88
vAMM-XRP/WBNB,0x29203F0a3C733E9B605717f9b2ABFbb140740f58,vAMM,0xf1EeD8522033C5A04F8Eea8B9d82D5D7d3C1962d,0x1f4EeB312fC8676e2806Ba6aA3f086e5A083777b,0xA8272E0800a7a9A35Af66412f364b904dA19A8Be
vAMM-stkBNB/THE,0x2AFED1cA1bC414e123b1C4e30E8F6FC513C8Ee72,vAMM,0xa1c4EC3634c7E4a965bdC9aC361E6C53D2415391,0x4e74C1fF50eeE346c88f0BE846E2288c9D3C3539,0x4e768B93Df94269700b740e5c8D90d15AbeA4c4A
vAMM-WBNB/stkBNB,0x2B3510f57365aA17bFF8E6360EA67C136175dC6D,vAMM,0xd836D06De65fECbA04d9a9c06544D1FF948b0EDB,0xebC41af7A2E93899924aB75D7999F87a068DC8BE,0xbB405a82C59D26Fa5021337f6D87Da30A9a1084e
vAMM-BTCB/XCAD,0x2bEb5FEE7f4d58e8e0efEFdFf5161f6E9127a502,vAMM,0x3980e149a5c64F2F1A507faa46456175E2b00F04,0x1B1E3Cdfe84D2c6cC6878543E31f1F82413E8317,0x9a0B77c3209Df2D98b49Ce89E775630e2BE1878a
vAMM-cpTHE/THE,0x2CA2Af7aA328d107e59712dE339d8Af9b9100A74,vAMM,0x93f4dAF700a6e37FF6053cafeda0fC7bBc168c5E,0x193B041a517b1B01fEf76C5f4343710Ef02B30Ec,0xB67Db3272087361B11C9BC60029627e132fdc60e
vAMM-HAY/WBNB,0x307936b725272Ec6Eb19d4d539207554f31E6231,vAMM,0x439ACAcac553c58f26ef46fF627E2F3A4c026a5E,0x83a183952b61355A66dFEa080886fD2D1037a287,0xE5C69d54DB292fB5E0fFdD9AEBbA28d8e4f5Dd47
vAMM-BNBx/FRAX,0x314d95096e49fDe9ebb68aD7E162b6eDd8D4352A,vAMM,0xD910fA9f7E9a9A553F93737F53A0874e22B2c493,0xe0904e2076f8E08D24929362602Fdc218F79b722,0x7b4DB9eB17B7493062E33CBEfd13dB783F994cEf
vAMM-OATH/LQDR,0x32629Ff547F1E619f4c37A84fD66624cA0ab01d8,vAMM,0xbcBBE1aC1E23c86153b828a15c9DC027cb299cf8,0xF8ef74E4a2FF708785e0c41E92ECe16F47D94Fd5,0x702841FF845b878dCB83b2874469Eb624946B1af
vAMM-DOLA/CUSD,0x330E00e8d3bB3E1188809193F663E754F8453261,vAMM,0xE83578C44ba2479580694a98f90D5F68526C9c51,0x143aB831f0C054caE44AA6F835D0Ec7B441Ed6E4,0x9d609362f86B1C7717a51159CfBe509DAe5319b0
sAMM-FRAX/CUSD,0x338cA7eD1D6BeDe03799a36a6f90E107d24Dc6aD,sAMM,0x01770eFfbfAEB3aF342b86777F3d5939970E0605,0xA1De3d1387EaF152f4A4426D9c8701b6abCEEE85,0x7a25f5C5E1D3f007A1F880Cb23037c7313A23b25
vAMM-jBRL/BUSD,0x33e3E8d3e1077Ea9Cc9f2f2c60EcEc01814EBA50,vAMM,0x66B4cb9b4C646eEF896ed70305dF544Aa2E84e13,0x8173Ef67091Fa4F3614Ac025893aBD52E6dd8692,0xbe9Fa3Bc413cc4d955B3FC8d19659D35411DdE64
vAMM-BUSD/THE,0x34B897289fcCb43c048b2Cea6405e840a129E021,vAMM,0xc04CA17B1c96C73E32DCb7cD0A1BA69cbed5bC67,0xaAfCA39c36AcFDae99fE1EBddc767A4Bffe237a3,0x4271A694A87AA785A48e380C405d44B966E59073
sAMM-BUSD/SLM,0x35d7d65c65fb3105b838292F7692DA414F1b45bf,sAMM,0x3aD256618728a04a41Ba78E9479200Feef0A50C9,0x2727F7B77C2E40B17c8e6C27C8a1faC5F354C31B,0x0cF989d95aB837fE57f10F02d288F5551109863d
vAMM-ankrBNB/ankrMATIC,0x372E0Fae9Dcd0a0b3CF184072b5F2A17A2b53d92,vAMM,0x47E8C6929932f016A8372f5c26BD26676888Be35,0xC95bA3308fe2C3ED383f427941CA8A3A17A7Fb32,0xf35c3D90735E13D598231E3c36B32d07Fff866f7
sAMM-liveThe/THE,0x3765476BfFE43Cf4c0656bF3A7529c54ae247056,sAMM,0xe2C96A636C64322d444C58dE20e599B3ce9c6116,0x84088d7338ef6A0C2FDDF7A21c40eA5C3cE7Fed6,0x615e9560ce07142542A209337F529780842F43b9
vAMM-XCAD/THE OLD,0x3A569CeF2c6445d198F90d3D87DbFa3C7977cEb2,vAMM,0x7c6C485b536F8403464f45D6246ea2D1bC412CC8,0xbe39bdA0D8Bb1153dA9cE7BbA41513fA8F502D9f,0x5570D510e5Ec34fE4c781C03eEDC9CF5185aAe37
vAMM-IDIA/BUSD,0x3c552e8aC4473222e3d794ADecFA432Eace85929,vAMM,0x19aBE34435054AB0d92A281bbb54d15dA3e1c7B7,0x7548B58f27107AC7Cf5FD992BC76ac857Cb16fC6,0x45E958a174feCd293d5D7939eAacfE9E351Aa6b8
vAMM-FRAX/FXS,0x3c9BD1f914D6F0e0CD27a1F77e120c061D1FDbEd,vAMM,0xD206F777aD9d9BDfb16d8a75813D205E00b032D7,0x39304bcc9c7fe2A07Ca7f03c631E26Eb72Bc64d5,0xD645ba5cE47d25B2228324370409331076E26437
vAMM-FEAR/THE,0x3CE33Ef9F2971b4877d39718dbFEE7C01AC0CAB6,vAMM,0x5F3fc633d0332e40e8b196Acd6E18E2822c3287D,0x5A9f80D26e0Df884e4138B653B513a0B12E64E85,0x00CCb7859C2bb9237993c30376A3dB38F1f000D1
vAMM-FFH/WBNB,0x3d3F41D3Faaa4F3e91F9dc65A2790F809e045bB7,vAMM,0x0000000000000000000000000000000000000000,0x0000000000000000000000000000000000000000,0x0000000000000000000000000000000000000000
vAMM-XCAD/WBNB OLD,0x3Ec80A1f547ee6FD5D7FC0DC0C1525Ff343D087C,vAMM,0x40ab8d70895786980C7e3A77b5Cc26A39813aDb2,0x9816890888A4a5E9A37f6AFb07CdF9E856e183A0,0x6cb6388e75bD8335AEFFb8F5179bd1ABA5ee45c5
vAMM-XCAD/dXCAD OLD,0x3f4d5c667D918DcE84c89cC63998776d21081089,vAMM,0xE6cB40Ad339f673c5bB302da5Fd80aCF9267BD98,0x1499d8D247221aF454d80255eD91CC4323a2A6b8,0xB954FA34Cca698a35FfEf27fF4f8Ed2cA1083662
vAMM-MIX/THE,0x4174d369DC35BaDE9dEC9d1B032E322517A945Ae,vAMM,0x59057C2a13e1682A2f2b30D12D9852840d613AA2,0x9192B7009EEc46a3125F9c4FE1f228B85FF4F6f5,0x08af25DecfB857b1fcf1Ac9d16Ab2160Bb528fF7
vAMM-ankrBNB/ankrETH,0x44d1F00E75fd074F6016bb1DC326DcCD5d04451B,vAMM,0xD12C7026fA2d738D931A72b2d647a3cb2e7B1280,0x891Ef7a57b5dd7DEe99A943591c396b69e1f29d8,0xA2589E771B0de80Ae79EE72617f9ca1dba3180aC
sAMM-FIL/WBNB,0x45b4d277D73069f71a2d5c7390c56437AB0041CB,sAMM,0x0000000000000000000000000000000000000000,0x0000000000000000000000000000000000000000,0x0000000000000000000000000000000000000000
vAMM-XCAD/USDT OLD,0x46C69a989DC56747F007acfA4d6BC7c9FA8137bF,vAMM,0xD62DD882aeE1117fd0D6211342a89336c518Ffc0,0x78d70709B4C793785A0241FfF01B650E0570F61f,0xdD1e30A1Db778f2E7Ff1AC794A7D9387461332CE
vAMM-WBNB/BUSD,0x483653bcF3a10d9a1c334CE16a19471a614F4385,vAMM,0x857A9531d8C1b47495336baC40FF86C0c7467b4A,0x9Bc9C3f9c5a7b51F0D3E95B3C9D55Bff5750215d,0x92B1a90121077DFfc0f867d9A7146D2180341f52
sAMM-MAI/FRAX,0x49ad051F4263517BD7204f75123b7C11aF9Fd31C,sAMM,0x2Ee5d2bAA34E86F4af9D727dF1FF6CeD2dDBdC40,0x5c2c0E71FdaFF857A9E5eF20548D043bfCC72F1b,0xC47B38400031B6808Abd61b1f4868AA86c5E0e8d
vAMM-XCAD/THE,0x4bd4CA8E30b22D8594f4995df08DF2530896a4B8,vAMM,0x2669C0b93aE1160cBB64bd5F461C95Db0822Bc48,0x4F0299c2dcb90a12Ab582E4b26ff85d2B952B955,0x963958BFe190708BD83Ff7735c080d05DDd75d03
vAMM-USDC/WBNB,0x4Cd8a94975e275BD327431e2225f3afBA73B56d7,vAMM,0xd04967Fa3F0cD0Ff746d83b14f91EC9ecfF77Edb,0x3Dc840FC084F042888F724D42Ad84b1161D76030,0x45cB2b4EE642d7Cd5B33Fc6F7355e058010f68de
sAMM-ETH/WBNB,0x4d965b4AFF4e08F2DD99A4Ecaf1cb3a7f580Eb45,sAMM,0x0000000000000000000000000000000000000000,0x0000000000000000000000000000000000000000,0x0000000000000000000000000000000000000000
vAMM-LIBERA/BUSD,0x4DafE1e55f4D45DA38902d3E621999c07e527d41,vAMM,0x0000000000000000000000000000000000000000,0x0000000000000000000000000000000000000000,0x0000000000000000000000000000000000000000
vAMM-JRT/WBNB,0x4DbcF190cbdf69f3b013DA6FBB911943237ab913,vAMM,0xbf9014DA4635427079F021E2A37d70e0Ce2280f7,0x872B1CF7491cAb32434e0CBC045aD80375505048,0x3ee7FA9e0B90f7eDd63518A5E31878F672B76672
sAMM-USDC/FRAX,0x512909b2bCeA4348Ea3284Bd167095deA10F2F40,sAMM,0xcFf4fd0cB59E8F0c16D459D0F125E68e05e6fE0b,0x496c1A27A44862181BEc4d2728FC15397daf6f5f,0x17e0c1737D3DE83f31367b3822b8600bc294Ea08
vAMM-USDC/FTM,0x535AEEab656c0fBb07DA64fe4AA3A15Dfc6834C8,vAMM,0x5912f22C57A4758086235b6DD290537cfB8E07BB,0x079F4C2a9C243CcB3d72d06EBDE8F8773e05cA3f,0x5a388cF16C739dbDc1c9aAB6882a46E224014f94
vAMM-USDT/FLOKI,0x537672472Bec1246eE9419e1716e221c9d0c04f6,vAMM,0x328cC2Fb8e3e69E8DD2BC67488f886820F1D5752,0xf022E496699953486A7bCab0639C57F328740ED4,0x064441A3fDEAA279bD5312c7f8398a12483d9869
vAMM-MAI/BUSD,0x562a3d7E55D3F0E5859A30ab7c492787f0B6f52B,vAMM,0x6efb9B8e8442Ca9bDE46F0a6F1759464FC0e7cBd,0x410FD2Aa84366A049e95224Dd747Aa282b320F55,0x0824B0d13cF0b07B495D4dbfE480728d73114F8A
vAMM-USDC/dXCAD,0x565F87C3D57bB990f138927f1E0cbb268A3E72dd,vAMM,0x0000000000000000000000000000000000000000,0x0000000000000000000000000000000000000000,0x0000000000000000000000000000000000000000
vAMM-IDIA/WBNB,0x57818b471AB3b7BDD558cFA0D5bc6Ab35534AAc7,vAMM,0x0000000000000000000000000000000000000000,0x0000000000000000000000000000000000000000,0x0000000000000000000000000000000000000000
sAMM-USDT/DEI,0x5929dbBc11711D2B9e9ca0752393C70De74261F5,sAMM,0x040932C27996516110B091ffdCf4E1b8259C3Ca1,0xc19AFC27478B1B7aC9d94a2560aaeE560fE22C08,0x91fE4BE78369AF4FdaEf65CAAD9995B5Cb22bEfe
vAMM-USDT/FEAR,0x5980f099EE0584ff7F840a3672983bbF71E69a36,vAMM,0x9b0E097a2DBb95213a16B661B81C32435119EC35,0xf5E388EC191d01570d36a3AAf48fe76DFCf7675C,0xf5A6Df9325C7B82F630d5F4b3b25188985AE8bf8
vAMM-ETH/LIBERA,0x5Fe44aCa2DB7CDbe31bc3749a18753eC94Ca699c,vAMM,0x284aDbEf6A8C737872ee045D3A329f51B098CD90,0x394e04145CAbf6b73e0e713af5Db6d4b80786bC5,0x9ea60d45A255ae1801e57A180198F291e77B5eD7
sAMM-WBNB/BUSD,0x6167c86326d3d088d6EBba415aAf172613BB579c,sAMM,0xdabAC0AE724EceB7d31B0cD58E24fBBAa3052131,0x0CA98dae68933182A11C42Ad38ED6A3500222C36,0xe20c712650B5D859fE714425899648BC6B55fc36
sAMM-USDT/USDC,0x618f9Eb0E1a698409621f4F487B563529f003643,sAMM,0x6e1ae9480F393Aad98A034d382F86493963694c8,0x7208CF0255D9Ce40f0372e23Caf793e590702CE4,0x7521C09649C1470f93a41891b81f80bd66a7E1Ad
vAMM-XCAD/USDC OLD,0x6190E79064213E6A2997355153f57904FB4910C3,vAMM,0x64a69c582d3442266A20E731aC297656f916d316,0x673Df93F39DEabfE66B26a4BFc3c472B1Aa27351,0xA6723A672a4C46e383E6371367D1A9b777dA57D6
sAMM-USDT/BUSD,0x6321B57b6fdc14924be480c54e93294617E672aB,sAMM,0xe998120c06f1C1dB80122399aEd2Fc5e49BcB51f,0x4398cFBAe6628171d47f5623e4f02F9419E097d8,0x9B868AA830AAa61Eb92F0D6FF649938057f18Cc1
vAMM-USDT/PLAY,0x6357f7A66e0A251E1B7aCAa54CF754a14b54ed80,vAMM,0x55C83f2CF1Ef5EF83A1888F11A422DFb8766DAc8,0x699aF45c58bCB18012acFf1dA555660EAfE08524,0x27053c85801aEdaf976787FBdB3481f98a80A754
vAMM-WBNB/THE,0x63Db6ba9E512186C2FAaDaCEF342FB4A40dc577c,vAMM,0x9206fF0db7a937976f08527bb8110a249fE80a2E,0x746905dfC1eFfB91ddc909695F52Eb308aAAAe4f,0x791c9b7c96EF4F781C001985e0357664E2eBE80F
vAMM-FS/BUSD,0x6440889ed931cA08a0A06b064CB233138e8a263A,vAMM,0x0000000000000000000000000000000000000000,0x0000000000000000000000000000000000000000,0x0000000000000000000000000000000000000000
vAMM-BNBx/BTCB,0x64bb2C54dCe689078478c6D40DC2A22d3AC25BcC,vAMM,0xABE9a2fa3057b8ADE4D01Ab9e6E5E1CE687572C5,0xB32a4884009b748bfE580C9346E4eb09d329B057,0xA14564b46b6C7aF2357898B1E0214273571C860b
vAMM-PSTAKE/BUSD,0x67e51F1DE32318f3a27265287ed766839A62Cf13,vAMM,0xdf82f7c62B6e0bFbF36fd3fd3e9Cc174179a9642,0x670A2AE0389df544cBb2F093f77A33CD3a206717,0xf0676A022Bc73c160fAF1eae79046e6652226fcD
sAMM-WBNB/OATH,0x694C580E40C97fbab5A53400B6238DA5F81fdD5A,sAMM,0x0000000000000000000000000000000000000000,0x0000000000000000000000000000000000000000,0x0000000000000000000000000000000000000000
sAMM-wUSDR/USDC,0x6a3F976C3fD6E00b7840408EF771ed0be42d2A09,sAMM,0x0000000000000000000000000000000000000000,0x0000000000000000000000000000000000000000,0x0000000000000000000000000000000000000000
sAMM-UNW/THE,0x6Ab1C6C59000118cb784bf9E3A6DA6ACd93310E9,sAMM,0x0000000000000000000000000000000000000000,0x0000000000000000000000000000000000000000,0x0000000000000000000000000000000000000000
sAMM-ID/WBNB,0x6AdC40D6d4721e167BFc66F9517F4BDc721D5E15,sAMM,0x0000000000000000000000000000000000000000,0x0000000000000000000000000000000000000000,0x0000000000000000000000000000000000000000
vAMM-USDT/WBNB,0x6BE6A437A1172e6C220246eCB3A92a45AF9f0Cbc,vAMM,0x11D54604F7BAe940D6CA106539B2986c36DaBe5E,0xD1Dd663851d8BB1D16602de04f0a337FA947660C,0x070022E35f22F9DF8eBb1DAD9C169D5e0C16873D
sAMM-XCAD/dXCAD OLD,0x6c03177eb78EbDe271B24FD6E446b301db1AEdb1,sAMM,0x0000000000000000000000000000000000000000,0x0000000000000000000000000000000000000000,0x0000000000000000000000000000000000000000
vAMM-BNBx/WBNB,0x6c83E45fE3Be4A9c12BB28cB5BA4cD210455fb55,vAMM,0x59e0Dcb1F5EbaC448C8f30d026DDDfd8C3f65380,0xE32b26ae83645a35312A077F864F043BAF3A2a55,0xA7EE2C15A3f552221E596ec91d6E2C157296F58D
sAMM-HAY/USDT,0x6ce8014488877f91234eF23012193De6bB0009a8,sAMM,0x0000000000000000000000000000000000000000,0x0000000000000000000000000000000000000000,0x0000000000000000000000000000000000000000
vAMM-AVAX/CHAM,0x6dc3C6efDeaF592C2d82Add41d7D42e00097Cf4f,vAMM,0x35De3850BeDb6f1545EdBbFa3B71ef715EbCFE7D,0xb2b5dA6eD31A708d5ea25D8fE41c4a6d4dCa4302,0x2E044Da1250df636F189bd44079cc1F7B3325cFf
vAMM-WBNB/PRIMAL,0x6DeE59C19FD1D067BcCDE52640bEcb43c820214d,vAMM,0x872AaE4cAc7dcf9F42dc6E3c09fF3bF478Ed0d68,0x7b10226eeEA5844806Ac690996d57379331E3812,0xec857ABbd2Bb729af12189c76D99F6A222Db95E2
sAMM-DOLA/CUSD,0x7061F52ed4942021924745D454d722E52e057e03,sAMM,0xacf4bd5D90215C6cA9d5B1d884E75fc5574F7572,0x439585f06ED5878ED1ab839D38cD13dcc5C45608,0xb6c7F94dEd0f96b08A69560Fe07F24060A8AD105
vAMM-PRIMAL/BUSD,0x721f0607e3B3ad025c3f996EF412A62AE461b15F,vAMM,0x36E56f65B9F5c756289811A4c55923AFbFf31BBe,0xbCD57C82d8A267Ae5A3bF88561Fdcd3E33FA7924,0x1939098FF60ccC1ccfE4F367c9a4d54771d142f7
vAMM-LIBERA/THE,0x726caCbf72E650DcF8cA49d10BfA44CeeAdd4751,vAMM,0x5D19275629E5030877D5422b3828907Eb953Ef0f,0x1F1682113179eDa3880731b2ca65bAD95D09a3eD,0x2372c5E39F52C695C75c64F04a24Be76C14b0317
vAMM-ETH/KOL,0x74A4f4722A4C105eCb9Be131A86d1e0344D4E6aA,vAMM,0x14f6D7042662146627d07762eEd0db3Dbaa63da2,0xCb107E54cF9814d6d4104Db7eD681AC845b51f12,0x5233E23f73E8E20B0682e13fA840045E24844258
vAMM-CHAM/THE,0x761327Ad8409Da88BD5485487b8f64B9A5295DD4,vAMM,0xFeb05aaf9F7E709D3eCcB5D055966ea6a0be1eE3,0x7425CB0513bf057D157C9E9Ad69337C2d5334F8a,0x27Ce6af1597e3d84d673689d0Ce8625B1343fFC3
sAMM-WBNB/rBNB,0x77c0F1a28320803a763FB1c5fFCe5cACCE939a9e,sAMM,0x0000000000000000000000000000000000000000,0x0000000000000000000000000000000000000000,0x0000000000000000000000000000000000000000
vAMM-HAY/CUSD,0x793b5Ec33596CC5dCde59f909f87B558cCc9f392,vAMM,0x0000000000000000000000000000000000000000,0x0000000000000000000000000000000000000000,0x0000000000000000000000000000000000000000
vAMM-BTCB/GHNY,0x7B00238CDA460127E4d2CD6cE59155AaB2A5342D,vAMM,0x55272839d6D290088148144f637bF7cf530F91ed,0x83505a68036C7ed07fc613301206E01354Fb0a4f,0x5F05631f8B4c07566AEF613f575c1ec16d50AF09
vAMM-AVAX/WBNB,0x7B2F91d226aD214Ac42ba21a597d99896311eCD1,vAMM,0xe1fcF3a5924192D461e741178d786D249Eb018F6,0x8d1139Dd2D0e4fbd1FF4bA9211CC2A211eA788dC,0x181C6Bc16c5e92F1e2855a5e4133335bDbcA71a4
sAMM-XCAD/THE OLD,0x7c7Ed76Dd95ffA7b899EE8Cc61aA8362d58aC420,sAMM,0x0000000000000000000000000000000000000000,0x0000000000000000000000000000000000000000,0x0000000000000000000000000000000000000000
vAMM-FEAR/BUSD,0x7d46E0498e485Ca5E5086E900F14A3fCC8A22ae0,vAMM,0x9ccc3909A836f70b9215c6Cf508257f70C244ffA,0x7fCa029ab221f526c0be1665d6668bB44c741327,0x4e1accC19687AA75D34a288e5d48668d490F122e
vAMM-LIBERA/WBNB,0x7d68e7B1aB7af2fD98827Bb4e2c652A2430141f8,vAMM,0x9A622B1F67A5DC29035578EEf60d585E316a4E64,0xa16D5ce0Fb12770e37f59553314933ddB615A7A0,0xA9358569E4D761cb7B178e36817C3B9285bC7E83
vAMM-SD/WBNB,0x7dceABfaceBd27f708FD9E6918c431d747D4Bf0E,vAMM,0x490931dc67173805b258b8Dbc572617d3Ddc3758,0x0cf7CD6729D5Da4A3dBCbBca0AE1F49366c38B76,0xd37C5c3F026BbbAd0663B41D07b9347F16762ddc
sAMM-USDC/BUSD,0x7e61c053527A7Af0c700aD9D2C8207E386273222,sAMM,0xB00894E7c895dDe3707e2C6FB6abe08156AC4231,0x38833fFe690914Be6325977ee40bE2Ce6D4F3F64,0x6C7950EF8138b59BEd8774031597b695465Cb32A
vAMM-ankrBNB/ANKR,0x7ef540f672Cd643B79D2488344944499F7518b1f,vAMM,0x5FFEAe4E352Bf3789C9152Ef7eAfD9c1B3bfcE26,0xA1f1b47190417984f31F75E023D2bE5Db44D7091,0xc0bB79703dA49aaa03f63a4Abc422B239a84E1E4
sAMM-USDT/PRIMAL,0x7F17A57BB90D45Ca66C58dC9E562Fa93DE9d84A4,sAMM,0x0000000000000000000000000000000000000000,0x0000000000000000000000000000000000000000,0x0000000000000000000000000000000000000000
vAMM-USD+/THE,0x7F74D8C2A0D0997695eA121A2155e2710a6D62dc,vAMM,0x6A2ea09AcD90e5e1f751B73a7c3B2C3a94976dB6,0x094028f6f57c1596132EC5F33d32f45494b15d77,0x3Fc65d2c65448FFDDC641e92105E1C38e0A6d039
vAMM-MAI/FRAX,0x7F7FfDC08d9A11DBB8F149FE16E3069540e7E012,vAMM,0x6593920bbcE122c1a2354664E4b4d29B6F3a6600,0x79Ac149a0caf9a83803eAF24D106aEE62284992c,0xC06024856D19f48B7B6d9F995936760d6AC12FDe
sAMM-FRAX/BUSD,0x7fCfE6b06C1F6AAd14884bA24A7f315C1c0C2cEf,sAMM,0x7A8A0607F1C4cE060e7308BAf650264fdc6473D7,0x57Ee61da3A075973Eb2Bd0286b946c9cE5e506f8,0x591d86d66078CB1250fD6a5Eb36ceb07d6c197Eb
vAMM-THE/FLOKI,0x82A72d1eeCb8fFFAbbD0073Db95D06bAC1577E09,vAMM,0x0000000000000000000000000000000000000000,0x0000000000000000000000000000000000000000,0x0000000000000000000000000000000000000000
sAMM-GHNY/WBNB,0x833fDCd260811aF76AF0C2BD4eF7c961766C96f6,sAMM,0x345599F691cfe6a721A1993a738883c34a842bD8,0x26701e9798F2aA29BAb8482666711696b941476b,0x82649B1C493e0668a289AfD1E3433f346337eEcC
vAMM-USD+/CUSD,0x84811aaBab26D15098f06ace9A97658ED93dDD3F,vAMM,0x0000000000000000000000000000000000000000,0x0000000000000000000000000000000000000000,0x0000000000000000000000000000000000000000
vAMM-FRAX/CUSD,0x85D65c1cE99B2639985166C4A25d4c44EE1601bc,vAMM,0x0000000000000000000000000000000000000000,0x0000000000000000000000000000000000000000,0x0000000000000000000000000000000000000000
vAMM-ETS Alpha/USD+,0x867fB7330d49ABddcD457e758Dc1a0d920c32Ce4,vAMM,0x4D0Bbd4c253046fa9890541F805D027bbe41E44f,0xFedC33D1AB461981C4721A23fd47D25060A2a09d,0x23fE61AF220f7790d22F1387C36BccC1C6d4D995
vAMM-USDT/LQDR,0x89590BFDF3c5E052A27D5727fe1fD17d3026f41d,vAMM,0x0000000000000000000000000000000000000000,0x0000000000000000000000000000000000000000,0x0000000000000000000000000000000000000000
vAMM-FEAR/WBNB,0x899845719b6FbD9c9e16a869dDfCdB0499eDC01C,vAMM,0x87a3FB64dA67e1D7bcA0f097C33594709e9D52ff,0x3Abf3D2d9918F7cd7ee43eD822B9c8698Fe2898F,0x0f655A2f0C58f2D83326f7B9d4e55A243de0780c
sAMM-ETH/frxETH,0x8A420aACA0c92e3f97CDcFdd852e01Ac5b609452,sAMM,0xeF206aF047F687529Be45c435256BEEB391fcec8,0x3a007F34B10A8C7af73af7Bd6e4F833dadc5225D,0x7FABFd1363065535681CDF3fCdc948e868c5A5D3
sAMM-WBNB/THE,0x8cA230F0573c4F2c7d3b202dd22c1abCa557dCf4,sAMM,0x0000000000000000000000000000000000000000,0x0000000000000000000000000000000000000000,0x0000000000000000000000000000000000000000
sAMM-USDT/FRAX,0x8D65dBe7206A768C466073aF0AB6d76f9e14Fc6D,sAMM,0xB34dFF23AB5B612Eb21Ffd8A151eFf452899f0f1,0xDACD7870c8C0e96525c599DE8E47CD0e44D4DABA,0x53FF9427c0022262E4b81868f0F249a2351d7014
vAMM-XCAD/BUSD OLD,0x8dDc543CB4Be74D8A4979DcCFC79C18BdEFd2Dad,vAMM,0xe550859A3DE1D425171d203B4404544354Ba7958,0x5866Cf30B30D5fA9b03ec305FBa1b8D1f79729F5,0x3512Bb52e3Bb6a6a98AD2eebe1Be51C6970e58FE
vAMM-ankrBNB/RDNT,0x8E5d38d9a303dc0f176E689C547A300365d2AB4B,vAMM,0x0000000000000000000000000000000000000000,0x0000000000000000000000000000000000000000,0x0000000000000000000000000000000000000000
vAMM-USDT/TAROT,0x8efeeAE90E67051c4F9130DD4f27d5D443E58A8b,vAMM,0xf11aC842B1E7f2AB24f2166E874cd6cB8Bc3F32f,0x346C027a5807d1213263a2f3A0f0EBE097C05f0A,0x9bF00bAE46D3D867477cF82595f4D02C95f3E533
sAMM-ETS Alpha/USD+,0x92573046BD4abA37d875eb45a0A1182ac63d5580,sAMM,0x24ecd1D83Fe90821a5b064A3EB1535Af543eef98,0xA5f7C96B4c92f0143D8617778F8592D54252dD4B,0x82EF03111E627465aFf0849E70b3E03a0695990f
vAMM-TAROT/BUSD,0x928FE97eEe1f921D80F25DC2EeA1dF280704fD03,vAMM,0x77d7d83668b37C48d30077cC2385aCC36DeC8102,0x86353d356BA8291abACDa96F3AE829750BE08367,0xd4C1e7d1967D3aA3f204A67b95D8c7FA47CDCF60
sAMM-HAY/BUSD,0x93B32a8dfE10e9196403dd111974E325219aec24,sAMM,0x5f8a3d4ad41352A8145DDe8dC0aA3159C7B7649D,0x833514f90292318398ECF61564DD87059351f978,0x1669DedE34c2CeEba9065A5783D74C543C6518C9
vAMM-DAO/WBNB,0x948c553D8c25Ad7bD034086F0AaE9a9D3c028B90,vAMM,0x8Cf2f3F1E60F61D9f1bbEDDa53794560BA55da6A,0xe614897E322c538E26F0240400EdD503209e6046,0xF294239f84Ba2C1842B4F8Adb76a882cB8038ccE
vAMM-BNBx/SD,0x9698e0c7af13B6cEF8017A5c34eb2B3d053C491C,vAMM,0xcC51Cf273D7Bf3A9318C2Db35beCAc9EB2ef7D0a,0x9b2bA26F83bD4c639a323064A66A96c18CE5D2B5,0x849061dDE9a2f2f37Dd8e8eA3862d1500488d8f4
vAMM-ETH/CHAM,0x972291C293a2eE6c7397017a6412035976E4326C,vAMM,0x7b2816258bb2B5F3EDFD3777E1EAAA84241a2e99,0x0541ca91B8a3125b4c1a1DD61A52f6DeCB2b1AB9,0x0EE9DF9f3Fd63f3a861C03E32B56C78372aD85D4
sAMM-DAO/BUSD,0x976583340036Aa93C5f0Bda9dA342e9EC6413A2e,sAMM,0x1150e3156cB2Dd8c4465F9E9954664d3e3432acD,0xFD85843E18dC0486a2a840fc6Dd1462368c1f7E7,0xc1Ed625771ea8EDfFb3c88060474f59f153d5C2a
vAMM-eTHENA/WBNB,0x9798a3835c8C87bD92803C3A248aE0042FBE4c6c,vAMM,0xC3b03e57677E4015eEec4e7ceC467cE71B7d1FF4,0xA6DdA6dA3B6cC0dc4A70B0CBcB91dA34dE23C75d,0xe87400A25576E7f135fA202822a235A1533C9265
vAMM-XCAD/XCAD,0x97Ff96BAf308c910E3098b7B9D40B06759A3fABF,vAMM,0x0000000000000000000000000000000000000000,0x0000000000000000000000000000000000000000,0x0000000000000000000000000000000000000000
sAMM-WBNB/CHAM,0x984cD445A36A6028FE1AE292388228c615dDc8f4,sAMM,0x0000000000000000000000000000000000000000,0x0000000000000000000000000000000000000000,0x0000000000000000000000000000000000000000
vAMM-ankrBNB/WBNB,0x9c9eAd6CFd1ED4Dd17Cd44eb12229364Dd541697,vAMM,0x177e465f495299b092BB3929BAF01Daf36FA54AC,0x99ABd4e626Ca5f1ee8E7f27Cc508f54cc64F2Aab,0x41924d036D0AD928176396fF400872584EA0aBEc
vAMM-USDT/DEI,0x9d49bc4092C9FA2aA29B2AFC2723F9Ca97dC9374,vAMM,0x0000000000000000000000000000000000000000,0x0000000000000000000000000000000000000000,0x0000000000000000000000000000000000000000
sAMM-BNBx/WBNB,0xA046644831b70aFdBfDAAB0bCf15a72D6c15d0eB,sAMM,0x0000000000000000000000000000000000000000,0x0000000000000000000000000000000000000000,0x0000000000000000000000000000000000000000
vAMM-USDT/THE,0xA051eF9A6FBea340Bb734d022e7B6a3aD9fD9B06,vAMM,0xf1FA952C2E3b2faB77F0e243544C035F14AdA63E,0xbdA90f2F8be3a70606db1fB82616D8c2Cc21a4C0,0x8683A66b1BE4B49014f10150433BFf01d41593F0
sAMM-jBRL/BRZ,0xA0695f78AF837F570bcc50f53e58Cda300798B65,sAMM,0x5D920774510db19feE38851fd1Ba40d85a107B99,0xFCa9fDD219C2E309EF88AeC7387152bF8e505246,0xad95f25D1b0c03Bbb66923F8dc9809133C2Effed
vAMM-HAY/ANKR,0xa2C2C08AFEFD3CC69B9aab797dEe5a1886388783,vAMM,0xd92b1C7A0B00F6d986759d3Ab091286E2d873C08,0x9fb804B8c0A63f3E9e7229FBb42Cc8F3FE5dBC4C,0x97990Ef087CE2e1e8edD64ED6FcF817289A74060
vAMM-ETH/ankrETH,0xa3b8e8391d7fd34Ffef885D5F4db3F15a127786E,vAMM,0x06798b21cD575a75f384673178C1F7d490949Ed0,0x748D01EB7dD9572c2fc9BF3fCC1dBb8fb588DCAA,0xb1d8D37E9026173d41cc452Ef49894e935FA9C19
vAMM-USDT/FRAX,0xA4159F83EEa8fC2a66284Cd513D2339aeB1444Aa,vAMM,0x0000000000000000000000000000000000000000,0x0000000000000000000000000000000000000000,0x0000000000000000000000000000000000000000
vAMM-GRAIN/WBNB,0xa6Da07730D7E9E5732E6483ceC67573e00ef45E7,vAMM,0x1E33a156c694D0C35C579094C76eE87F501257D0,0x6DD7eABcd601004ba6936571C9E7AE8FF21bFe00,0x248bA0b38E0Cdf35F8BdFC3B2CAe430Dfb911136
vAMM-FRAX/BUSD,0xa91f86362E75c62512C6E790aB0784040f211179,vAMM,0x0000000000000000000000000000000000000000,0x0000000000000000000000000000000000000000,0x0000000000000000000000000000000000000000
vAMM-GHNY/WBNB,0xA97E46DC17e2b678e5f049A2670fAe000b57F05E,vAMM,0xe1aD94646E9866d48cca59080535eF782d03B4af,0x2946813Ce1BBd13C1cD26C9ACF22f5dED73794A9,0xAA9C6d5b6769FCB017411d0B1247Bf55Bf954983
vAMM-wUSDR/USDC,0xA99c4051069B774102d6D215c6A9ba69BD616E6a,vAMM,0x867A89CB8EB42007cE2aF9D7089CDAbc7840F11b,0x6422e62Be51F4c915fAb2ce5Dc13836F7642ffB1,0xE8D1d2aC88f16Ab6290AbD6D7FF87Fd48e30796a
sAMM-ankrMATIC/MATIC,0xAcc047c2D898BD36bA24d34Fe197d4AbC82C7E3c,sAMM,0x0000000000000000000000000000000000000000,0x0000000000000000000000000000000000000000,0x0000000000000000000000000000000000000000
sAMM-HAY/CUSD,0xaD0B947374FeB8e21D7CFFdfE394d2C59F5e06Aa,sAMM,0x0A244dc63658ebE1654eFF2889e0F80cD1F07aaB,0x1E83DcFe8C1D2e434F447B7968fFF9F063719A14,0xcE4dc84023DA52F4AE578caCD8a4982b90ae0197
sAMM-ETH/BTCB,0xAF510a3f6888C64A976d5AA1AE42113bB135a19a,sAMM,0x0000000000000000000000000000000000000000,0x0000000000000000000000000000000000000000,0x0000000000000000000000000000000000000000
vAMM-WBNB/OATH,0xAF6389e0281337cf810b5843EBaE12dbF5A0eAf4,vAMM,0x6e7Fd7e78b672720F2c01B47d1d8269cD9844057,0x7EA05b499239b27ba6933395B0A9967Df1BB3B91,0x8c9a78c764f235c9bC460b3B7643BECc35b88ebc
vAMM-BUSD/SLM,0xAfD1A0319909d66046EF5c1237470C2ce02EdF2A,vAMM,0x48d949Bdd739080A7F70784f87163e8674d41A5E,0x13aFffE9Ea4D39a0145e24b463aa21a7c89b595d,0x600D955A0b790385EC9951AC59523a29d3db8cCC
sAMM-ETS Alpha/BUSD,0xb23a34cc853E47D8bfd148Baf066B6F1541571c9,sAMM,0x0000000000000000000000000000000000000000,0x0000000000000000000000000000000000000000,0x0000000000000000000000000000000000000000
vAMM-TAROT/WBNB,0xB2604B72b3Aa4aF8d0419c736de2D261b40ec755,vAMM,0xA65BcdE0d453735f835470F4fD733CBFf96a403c,0xef9B54e0C4129D4D32d9E4A16323322796694fC4,0x8ED9B2A0fd34980EcD08d0828884cd81af56D06b
vAMM-LQDR/THE,0xb33d77159EA381176ab1Eb11475fd65912d83728,vAMM,0x0000000000000000000000000000000000000000,0x0000000000000000000000000000000000000000,0x0000000000000000000000000000000000000000
sAMM-WBNB/BIFI,0xB8C1557ddfc61C6c48a7d12F11cC1F8CF3b4d4E6,sAMM,0x0000000000000000000000000000000000000000,0x0000000000000000000000000000000000000000,0x0000000000000000000000000000000000000000
vAMM-jBRL/BRZ,0xB95c58277DdE24801C2A460BceA25a2d28A1591B,vAMM,0x0000000000000000000000000000000000000000,0x0000000000000000000000000000000000000000,0x0000000000000000000000000000000000000000
sAMM-DAO/WBNB,0xB96e4f3816DAea60EC84865623892671a4839F2A,sAMM,0x0000000000000000000000000000000000000000,0x0000000000000000000000000000000000000000,0x0000000000000000000000000000000000000000
sAMM-CHAM/THE,0xbA3bAe25efa78F91ffF0dB3A649DB70d33ca1380,sAMM,0x0000000000000000000000000000000000000000,0x0000000000000000000000000000000000000000,0x0000000000000000000000000000000000000000
vAMM-WBNB/BIFI,0xbaD27C20d0A2428251585f1FD509685e48f307bD,vAMM,0x739Eba3d4Af5205A42Ca25D990b0918E3d8fF8BC,0x5BD7CB4e8c7A543ec5219355D53884b550210E7C,0x0352DBe942ca0FD44D3f0Df9d90B5A077F89CF68
vAMM-ETH/XCAD,0xbAEC5fce623cf6556038eE22C8267B8e6647CC97,vAMM,0xF4340D4b0BC5DF37Fb3faDB221d1EFa23eeF7077,0x154c553Ee30189AdbfA5D52F5Ea5e9B863F94760,0x7506fdd5362EA1873e01114132f08F12deC151ba
vAMM-BNBx/THE,0xBB25DD702471aDb5d40df0f382586Cb5CBf49Bd2,vAMM,0xbC97dB24644C12734bbfcC9D429710E448e055CC,0x3B8ED49B8C29be74cB6a837D8bF48B7F4e8A4C91,0x8f8595937414206B83E90F907179334Bc9DD59B7
vAMM-USDC/BUSD,0xbb6CD6EfFB4861971Af675ca5fb8964873bdab2d,vAMM,0x7C3C3bE191d1b473Fe256Fc9E5271602322C775E,0xA79a87Afe1cF441cEdB1A7A16cC5C98C8da5E499,0xE72bC3a11373b99B6881c306e1831f7582e24154
vAMM-HAY/USD+,0xbE284ed0e5623608446f769EA81C9F9968c3D3FF,vAMM,0x0000000000000000000000000000000000000000,0x0000000000000000000000000000000000000000,0x0000000000000000000000000000000000000000
vAMM-ETS Alpha/USDC,0xBEf48E043F03715E16f001389E1E4D455F7703E7,vAMM,0x0000000000000000000000000000000000000000,0x0000000000000000000000000000000000000000,0x0000000000000000000000000000000000000000
sAMM-USDC/USD+,0xbF9dC59A2370f1E11Dc34c889C69d56BD7786db6,sAMM,0x0000000000000000000000000000000000000000,0x0000000000000000000000000000000000000000,0x0000000000000000000000000000000000000000
vAMM-WBNB/NFTB,0xC03D86b6685Aec46909eA5c54943e2a1238E02Ac,vAMM,0x5F12C7D52E0D91C320FB9bf7Ad148EB8806FE38d,0x51961804A1DD83C6e5bC47e5377103df81D620C4,0x4533aDCc18a316EeC311d84dDae15A98CfAeF300
sAMM-USDC/DEI,0xC092c8ef0909E422A9B7733734d971215F52fC2D,sAMM,0x3034ED86468eA18519be43b775e5F52Df8cb9E04,0x6080182042Ce6c47cC41a4dd81CA7Ab69Ce2EBe5,0x3493bec02dAc827A09E868dce12D47eA10678ad1
vAMM-liveThe/THE,0xc1c87706CBd554F4e936579d277E337Ea84461bA,vAMM,0x0000000000000000000000000000000000000000,0x0000000000000000000000000000000000000000,0x0000000000000000000000000000000000000000
sAMM-sfrxETH/frxETH,0xc2D245919dB52eA4D5d269b0C710056639176eaD,sAMM,0x24EF4203cFe8b37688A74dfa6320Dc0758fe22E4,0xAd8779FEFD8E531449ddBdcbcfe658405F7ab768,0x21F87734030e6f702fA11b82fCD24B8d9f550743
vAMM-OATH/BUSD,0xc2dc97A4afE061186Ad5Ca5231f964a97Ce305eb,vAMM,0x2DfdeDDAfB4A2d756FD56C3756Ce2E6554119700,0xa9C5bb1Dce8c6D812956C5d44b1E4Cc2752f2D7E,0x67E0d02139B9b080D3B3b0ce71a101373d9A97c5
vAMM-TWT/WBNB,0xC4A17162da872640c49cC191759F8B423539c7Ea,vAMM,0x0000000000000000000000000000000000000000,0x0000000000000000000000000000000000000000,0x0000000000000000000000000000000000000000
vAMM-XCAD/WBNB,0xC53fe45E0047965da638aa70E9B6be3d68E2f80f,vAMM,0xdfc2E232CF8622831CDD7ACa20B6bA7418232c35,0x1de1b6bb417D626558c6B11f4F9C320cDE9836C1,0x659E1D9EE868e839Ac44820Ccb00121DfFF0C287
vAMM-IPAD/BUSD,0xc54f536FF19FFcE40A82cCa2903B1D7D48Af69e4,vAMM,0xF42b091224625d411561fE525BB59956dAB4c9C1,0x614Afbbef6F89A2C2C5987C6d3F1361A5166cB4D,0xFDe616174238615E0e92AD5d613A95a35c4ff5dB
vAMM-DOLA/WBNB,0xc5856601712E8a74d57cdc7a47fB1B41C1a6Fae2,vAMM,0x4dE020E928C7A505Af973511B8FD4C4A57d745b0,0xa303bB70961f5Ec2525FF4EE2CAfB7A138BFc0db,0xa077d5b77ECe94C3e68e5343021bDb4C9CdAee41
vAMM-USDC/THE,0xC6376e5452EBd75cD4dE8e0d597f66cA38c1FA77,vAMM,0x099A84ED38bb63b03bfa2AA1021Df3cED988d01a,0xd5c01b12109e20816834F62cf4f3DB3c43BcBa16,0x278edA187a1d975A557453DdEd7184140A10CcB8
sAMM-PRIMAL/BUSD,0xC6B5289f0Db1738f8C1D26cC09942028527bdDA3,sAMM,0x0000000000000000000000000000000000000000,0x0000000000000000000000000000000000000000,0x0000000000000000000000000000000000000000
vAMM-HAY/ankrBNB,0xC6dB38F34DA75393E9aac841c08104348997D509,vAMM,0x967bF7CAE5766872D3d7a229202638cA01b35Fa9,0xE572Dc2D166E6b78354FD1362f28e852ed0F4C08,0xEe68ef68070eC38d4683077923bCdAE69B3dcE8D
sAMM-FRAX/WBNB,0xc7419EBbc4b259C50D7Eeaba49940688A5d52Afa,sAMM,0x0000000000000000000000000000000000000000,0x0000000000000000000000000000000000000000,0x0000000000000000000000000000000000000000
vAMM-ETH/MIX,0xC8c8148Fc304503941DfFFe0b28211472597aB74,vAMM,0xB3c144C0AE30eD51b4250816202b847B97B829dA,0x9bB03C963b66425b2F3401E85315762507E4A203,0x327ce8b3e4E637Cdf762df95f7b454A50426cc7f
vAMM-WBNB/DEUS,0xC8Da40f8A354530F04CE2dDe98Ebc2960a9eA449,vAMM,0x586cF0Ce829e39c3B37944E183D2DFB280191b50,0xdCcC5d7cA8f8145863AFf6CB0f67609Ef77332E8,0x1dD170a9Dfa4BAD55FF0F8D0CEa8dc53Cd61BD6a
vAMM-FITFI/BUSD,0xcAe2C0d6937671490D3bcE4C21d57fF313f407Eb,vAMM,0xc33488a5d71762624141D458726A3Fc5233cf0FA,0xd8d5b968DE0416Cc4F6430C82418141C7ab63C53,0xb8434B4481106b7eA6Ffa88D6Bcd2AbC89683493
vAMM-fBOMB/WBNB,0xCcDEdaC1973b6d2542fB1b7EcE843b81A9ee7070,vAMM,0xB587A045eCe29F98d398010b23550a78f36d2771,0xAE6B5316b84fFb5341CE1e1495d685e329bFEE01,0xA7cb85cc0985cd8e4Ae85134eF3F9F5e5A589b8f
vAMM-WBNB/LIQ,0xD27F175c12C9d147ff1be4844856F224fD6223C4,vAMM,0xEcc758B21d5d8e1f06E97F6E3981df610C690Cea,0x28b311a06557E2BC3f54b3d41Fb528E3308928F7,0x5755584E1218D85023c52689AC776405241D86C6
vAMM-BTCB/WBNB,0xD328D129E46f9B978416599913102e8CD64593F3,vAMM,0x9709c91aFEe40EA3D0983d00b780cCA07F9de2D0,0x4D395Fd599cFE2b8f12A9DdEe1CBd935aDf51ac3,0x66CC7C708C10008D6Be580157D35A3c22E92ab6D
vAMM-USDT/FITFI,0xD523AC2609c3A56f945242CC239e9F47c018bf6b,vAMM,0xdcf549dC28cCf49578e2C9Db8eE0Dd10e93031e8,0x1C237354ec719897Bbc28c96F2D4D7520902dCdf,0x6612355C052E424d4532B62c87643C6a1377817d
vAMM-BTCB/BUSD,0xD5B7877cD8056f38bB37FaDb63FE698E406F3870,vAMM,0xc0d225dD49Aee2812ceA9e7171bbc076F20BbBFf,0xF655A87e1d01a1CDd76eB10BFbfeE24bbCf9082A,0x9A4E27C58cD3a3a399b5b90c558744EB6De54Dff
sAMM-FRAX/FXS,0xd6C883ABA697b33110e42077D28361aa3E48f26A,sAMM,0x1020b95d5e2cc68087FF25eA8C521F43139A0af1,0x801ad9e1421A6c0251Be289e00d5EdfFEb295A98,0xfDfdee8A81D52bE409422683B337Fb2EaB17D0Dd
vAMM-UNW/THE,0xd714206a7D63F5a2d613064815995E9CC7061988,vAMM,0x9412D9d7C21C570699e02D9f8CE600ba3C283EF6,0xfD9A2eBa60b75Dd33f4002945390613b44de3BC5,0x22B38b78D7662947534eF836e724B715Af5E3FBe
vAMM-NGL/USDT,0xD949476184B9c94Ed2130E8175D4139654CE2339,vAMM,0x292808a49f981A0D442feABDF1e822DB01EbA0E2,0xabb81A71f6f72009A7867e2f7c6BFb8D6402A2Ed,0x586868AE41C4682dc5390A7C1273565B10179082
vAMM-BNBx/ETH,0xd9BC6271abBE5dd01731B1b9aC2C1Cb0ea5Be246,vAMM,0x34E1e8A28c7d8833f9994daF369aB936F7cf1825,0xE897A3588C5404f0ad11065bfe4ea62F3FAC2ce1,0xe00EC5dEc6eA8a68Eed3437428f9d18Ce269e863
vAMM-XCAD/BTCB OLD,0xd9F7096625B65Ac37c09d05c1c4548edfcCe9fBE,vAMM,0xF738EF4e474ca0BE21397b8690938f7aebbF7918,0x7e22016886919b00C9ec4dA16Ca44d9b929877Cb,0x0284A34817144d0cAFfa2f7B80BD1D936B30A9BB
vAMM-FITFI/WBNB,0xd9f88F54a73B37463fb8F15ece98e0D1DcdCAAB6,vAMM,0x786Af790d78cA636ff365a06b743F21df249FD37,0x7418c6B63382E4DdF5D46D8eD820D5C743701554,0x880fAA55Ab800941613F68B38359Cfe66BF1cf94
vAMM-USDT/dXCAD,0xDA5edbE3f254046cD8CABeC6758E0B1122B52D6e,vAMM,0xaD188908889d47Ea01Cc801d0Efc39ebBBb1dD04,0x7A3385E8eEde0570754bC7259f8E0f534a2611cA,0xd9a2251816da875BFD8691A2101728f769Ff8bf8
vAMM-ETH/THE,0xdAaC487bB3a411cB9251794bb7c7B04cb6d1aB26,vAMM,0xDf7211C6d4fF85Cc7228f91861Be622852740024,0xb642A89952bE3D3Fd79D6B379a178a052DE88CfB,0x0b8217768742A5baB6A03c7994Ac73003E8ddc2f
vAMM-USDT/BUSD,0xDC17b8899D8084E64913BD508bb13BfC2696dEBB,vAMM,0xFccC1C94420E0f3f516cbBEb743b1C2a99D256aa,0x6090967538364a2dF8F6DdCf21eD4d47F7095d7a,0x6B40e7e92bcC1DB3EA223B660CF69B7DF0cD656A
vAMM-DEI/BUSD,0xDC2b0436E63bD8654aEA52d1aCD3Ae4F9716A6F4,vAMM,0x0000000000000000000000000000000000000000,0x0000000000000000000000000000000000000000,0x0000000000000000000000000000000000000000
sAMM-USDT/THE,0xdC81698F98e275785741F96961f246368FDd5866,sAMM,0x0000000000000000000000000000000000000000,0x0000000000000000000000000000000000000000,0x0000000000000000000000000000000000000000
vAMM-ETS Alpha/BUSD,0xde34Df68795f0D2b07F64285Ba83601889A6995C,vAMM,0x0000000000000000000000000000000000000000,0x0000000000000000000000000000000000000000,0x0000000000000000000000000000000000000000
vAMM-MULTI/BUSD,0xdE4Cc4446205d1138EcAa48B2CB22b8e06E69BD4,vAMM,0x16555FCec68a2160CfC7cd200F5B2aE7Fa960d46,0x4c1AAD6AC7C7CF5CC48d40dE554Bf151181f8f34,0x57B4496037BBaFF2D2490AF694fc545CE6128c55
vAMM-USDT/PRIMAL,0xde72DD50Dd0ca9C8c48b04F74c5246B5545969D0,vAMM,0x3dEF3D9d34280F1F5C4809ea3b7713eF33102443,0xDEbDA20607b400607b1A68e722149c76a305fcf1,0xAEdA31A6910daE94Af92A83726C9f22b8369Bc8A
vAMM-CHAM/BUSD,0xDf63A43aEFb5c1Aa4040a3a121d2a8C00EeBE7d8,vAMM,0xF8e815A9BF9B9b8A1Ad4750592ceF87207b29a20,0x1a4bd9AF457618a85E0c1524dCA37dff1d8020Be,0xe325a08bF922A745b219cc49e7d71fa27531F14B
sAMM-DAI/MAI,0xe03e9EcC7d4C45c6985bfB909D9Bb3ACa5Ef18c0,sAMM,0x4C03928ecCc1c4505ea8BdFE748120Cd2668D4b8,0x7462A36f6deEDa289Ffa2B84dC20fB3Cba792624,0xd64F5BFB971B225D9b98f48117758143FAc4ec10
sAMM-XCAD/BUSD OLD,0xe200B5B3F08d1254d05d8797FFA1f99730C0025c,sAMM,0x0000000000000000000000000000000000000000,0x0000000000000000000000000000000000000000,0x0000000000000000000000000000000000000000
vAMM-WBNB/multiBTC,0xE2256f71F3Df4765A3602db66747eA87a71057b5,vAMM,0x7739f50dbF32735907f7ecd56E0492eeb6E83F44,0xE6caD482d68c148df21E6D1b461505Ac3Aa6c471,0xE1134553FC6D3b215b27e805E6c8Ba864b3eeD9c
vAMM-ETH/XCAD OLD,0xe2d25A87e97a1016c35F736Ea77A4d6Bd1919E74,vAMM,0xA342DfFc59BB8df1e00129cEb0a244d0B1343591,0xC45Ec55A4cdce8d68C4dffC9f460E79523480603,0xB701282c36C12F87758F4fE8b7b1B242b97004BA
sAMM-FEAR/THE,0xE3CDC7b8ed63F9D1eF2D964c062AC51d9c99a89a,sAMM,0x0000000000000000000000000000000000000000,0x0000000000000000000000000000000000000000,0x0000000000000000000000000000000000000000
sAMM-MAI/BUSD,0xe459556595A224D7F12b45E93138F4A1265AC618,sAMM,0x3EBd78D993C10CeEb29ED8EFe86c3EB530B173AE,0xc3197068207fc5C0948FD9F50FBD5E51076FBA4B,0x3Ed0f4AB43561631b5E7Ee24C46eADDEddc49F06
vAMM-USDT/USD+,0xE4B5493e357859FB73bE73b29B1034cF63547986,vAMM,0x46f0AE8EB2D0FA8DFf90BF2be20718Ea2bbfeFF4,0xb5e5cb91B45f6246c8dC27FAda8aF437D6d842e8,0x3F2e9B50dC9eA86A1C88FD4F9F97e20D5D9656b1
sAMM-IPAD/WBNB,0xE57E875F4dc33bca96C888a5BD3214856D8faa46,sAMM,0x0000000000000000000000000000000000000000,0x0000000000000000000000000000000000000000,0x0000000000000000000000000000000000000000
sAMM-USD+/BUSD,0xe6eAb9B5B0A27866f30091DC76AFE1Ffe70a8507,sAMM,0x1bd476A5185d8c9213bd90FE1F37b430e2AF1307,0x46FD34f55D2a0321Bc800c281517cA52E639baf8,0x25BAB94F38e4cb21e9F5e1dAFE7a43359559E906
vAMM-WBNB/ANKR,0xE934278276c0274aac95DADB9783F02A27c351Ff,vAMM,0x460dfe291bA48E5A498DA29025fFdE46F776aaFb,0x4698A5534AD6731D201DC3fdc9E8fc69f03a5C77,0xe9ce7B8D57c82aEc1E49D59Fa4bD3A435C9e6CA6
sAMM-USDT/USD+,0xea9abc7AD420bDA7dD42FEa3C4ACd058902A5845,sAMM,0xC031B5218704eb0F9D33956A2DbE26fACAddB80c,0xaC4152d6aC8DBC3D02ae5844C3a24B7914736C20,0xA6579fA1295DccA02F461bD8438ff12ba3597D12
vAMM-MATIC/BUSD,0xEB58A4D07990fF50b9F8289701cBdDf9052570B5,vAMM,0x56EA1BA750Ed06e5aBcAc9e014ac42A1B1e69e65,0xD7938eD3E318D30DD739A1410a029C7ca4651606,0x1093186059CfbF0662F471540E57DCDaFfcF0929
vAMM-IDIA/C98,0xeB6E35fe9f507eb1A35fb048584823652D4D2797,vAMM,0x47644450C15718D740fD79720f61c774fb6dc354,0x37D2Be8173Fc4f16b30d0c508DDeEcC641714355,0x02Cf8Bf02B9952a6A177afb016752dB9e1779220
sAMM-PSTAKE/WBNB,0xeb74faE2FeC6808938cFBbCb202Cf271D915355e,sAMM,0x0000000000000000000000000000000000000000,0x0000000000000000000000000000000000000000,0x0000000000000000000000000000000000000000
sAMM-USDC/FTM,0xebbaFc3781C1C48d71210ec39B6Ab0dADC748162,sAMM,0x0000000000000000000000000000000000000000,0x0000000000000000000000000000000000000000,0x0000000000000000000000000000000000000000
vAMM-WBNB/LQDR,0xEC4484c7F7671914E897b1AEb8418Fe12E320f21,vAMM,0x2531aF65168757D595925e2a6A64Cc231940A5C4,0x02edd49EE5e2cb1fCC19A980b78cC332Cb937AF6,0x797e82e4e5Cc9E7c23A5Ac5b9b68581763162BE1
vAMM-FS/USDC,0xeD6A13A30760C3a3795C5F5d7b6F911a3de0edD9,vAMM,0x0000000000000000000000000000000000000000,0x0000000000000000000000000000000000000000,0x0000000000000000000000000000000000000000
vAMM-USDC/MIX,0xeEbdB610Ef49aD004344Bb18cC3cFD3552040589,vAMM,0x209d478bBDfEE5a881F7Ea570439B387D6623566,0x3010814CF33cd7BFCfCEB4BE547180cA28EA1E14,0xeD17bD0e67C87e787e99aaAB33BA01107C3F89A6
vAMM-jBRL/WBNB,0xf019759F450C8a1C8CFD4E9EcD34E09F72d7Fae5,vAMM,0x7fDf58A330cdA58C9dCfaf936367116cF806139E,0xe04c84354a8c4DF047AE6DFC57f9BEafFe11C3d2,0x15f2EB640bb953A82243542fF1c6729D11aDCEB9
sAMM-USDT/WBNB,0xF048CF3EAc3c17aD47ae1C4e37408040177a8554,sAMM,0xaeF0c2a9585649e47BD2bDEdc07434e3346B9d45,0xcb6051998B93aC3ccBb82Ac05D2cC6c2E96eb538,0x2a25365996826F1B3F6e4aa4102aAAdFBBeb05d3
sAMM-IDIA/BUSD,0xf10c6a25A0fe12B69BE26281259EE5994BbCdB9c,sAMM,0x0000000000000000000000000000000000000000,0x0000000000000000000000000000000000000000,0x0000000000000000000000000000000000000000
sAMM-OATH/LQDR,0xF2e2ADb0bec256184cF72DdF1642CEE7A6706866,sAMM,0x0000000000000000000000000000000000000000,0x0000000000000000000000000000000000000000,0x0000000000000000000000000000000000000000
vAMM-C98/CUSD,0xF4d3aFa871f1Bb9d5Db7f057eD555a4c549b5174,vAMM,0x50Ce550f7E75c86bD3d57C82a1bBD87aac08B94F,0x05C83cBdF6601061EEc4601afdBF56eAdf1DD2A7,0x7510563989fbd9490f54a6AA72d1307aE35FCCcB
vAMM-GHNY/THE,0xf581b44FFD48eb84d984CaBABe7221F3fc85FbE0,vAMM,0xbA7a0B44beD33E52eab242342572FE451bED0072,0xDeF43Fa19bd82206CaC6c2236FfB84807207712E,0x0F1443308777789E5196B5FEb0B91B346091F131
vAMM-FTM/WBNB,0xf753B7E59e1c010B5FD89737E874D4CA51D9cc23,vAMM,0x0000000000000000000000000000000000000000,0x0000000000000000000000000000000000000000,0x0000000000000000000000000000000000000000
vAMM-DAO/BUSD,0xF81b6B8aAaD4c37F6F2E8Aa9988f28ea8E82Bb49,vAMM,0xF18797c8F905EF9c1342Bbc6241A9d6e2A179e72,0xD0D2C3dE665fBED9275cdA3B610804872970C2cE,0xF6304f7e065d7fb43401fF797B34c554FA83Eed5
vAMM-WBNB/rBNB,0xf9Cf0b2fF50D13ABa7aaD7e9314b096bfC0ACE7c,vAMM,0x909Bd7ea6f40d8183d9F84d452F884a11243648B,0x334dfEE6fCc821825A5dc7ffB3B73EF4Ef7c7807,0xb10203e169A06B1c24f36B20431182756ef1488F
vAMM-WBNB/liveThe,0xfd27B64C01B8DFaDd906450887c5dfca0CC95f14,vAMM,0x6A8a3298F4B057b7B809AaC514bDEabB7fCF0fA0,0x8107aA560D399A8201ae044a552611a2CF047885,0xC7678b2e19411Fa8c5C8dA16FcF0249db49FDC09
sAMM-DOLA/FRAX,0xFD66A4a4c921CD7194ABAb38655476a06fbAEa05,sAMM,0xabeD4aaAd66583827D5f8b66381D0661a32D3D4D,0x1E0d61C4072f8DeE0C6E1666Bc87d38EAEBe9332,0xD45FC0eE56D9B6f440ed5A705677b5E3398604f1
vAMM-FIL/USDT,0xfF755d0C1C5b9051a3617221e10394742679F5a1,vAMM,0x10333aeE460d13c0080e2b73caCAFC1a1C4997Ad,0x1Fae821E4b5AE0516C357670794Cc814C11e2569,0x7D9048FC697A2EA1EC14cac23eBE8E697A61F806
aUSDT-USDC fBF2,0x5EEca990E9B7489665F4B57D27D92c78BC2AfBF2,CL,0x44019689174D519f60eFE48AF222Ab397a6BB69c,0x53886c1C70627DaFC42258dBF9EC5D4D4CB0080e,0xa9B8707c49c2a578eCB9a8918f522b203F231237
aUSDT-USDC fBF2,0x5EEca990E9B7489665F4B57D27D92c78BC2AfBF2,CL,0x1011530830c914970CAa96a52B9DA1C709Ea48fb,0x2a2bb61Dd8DE7701473f57de52162e83624D0cb3,0x18548BCF71bD9D71820AF952dc89abD5F298ABd9
aUSDT-WBNB CDA2,0x3ec1FFd5dc29190588608Ae9Fd4f93750e84CDA2,CL,0x56996C3686E131A73E512d35308f348f987Bc0D5,0x944c4804233bD525301B39A71F86BE1aA9d9bFD4,0xF0939d57eDAF3642637f0c95F475901FCf11Bf8B
aUSDT-WBNB 9555,0x921C7aC35D9a528440B75137066adb1547289555,CL,0x04008Bf76d2BC193858101d932135e09FBfF4779,0x03f4072F328284D73b13F0B739E9d3CE5eF66f29,0xB05dfa16f9fddD889b73cfa808c842e070AC7f4D
aETH-WBNB e947,0x10bf6e7B28b1cfFb1c047D7F815953931e5Ee947,CL,0xD777E84b0D29128351A35045D7AE728780dEf54D,0x6878cEB5627de989d43322768CE524ECD209af1B,0x352d6c7BbEb6229ba7eF01900a5D7655C09bE0Ce
aETH-WBNB 755b,0xFD59e64025d8Dc9a5e363eC3c88c632d1657755b,CL,0x0C83DbCdf4a43F5F015Bf65C0761024D328F3776,0xbaeb5813cDe3Cea19b4270D23e0180bf647594a6,0xcB62dD44D64f499524Da1352597C6447B3E82FFc
aBTCB-WBNB A7f0,0xD3C480EC7a47596fF8D63396227d1F7dC728A7f0,CL,0x65E40E779560199F5e68126Bc95bdc03083e5AA4,0x27A512AdC3bF2a47f0B1157E65f20727Fb6BDe5D,0xc7cd651CA104477B024D6af1143b1f11DDB79362
aBTCB-WBNB 4D3F,0xBd2383816Bab04E46b69801CCa7e92D34aB94D3F,CL,0xb75942D49e7F455C47DebBDCA81DF67244fe7d40,0x157e9c18B51dAAeFd9E6A1f41586C20E6870f0d1,0x1D01dC1Caf7fE93efad71970d8e07f64AE5BBB5d
aFTM-WBNB 4Fee,0x457019b9E4c64dE91E6Ce4F59aF001685c724Fee,CL,0x1921Cb38F9c77C96D4554d956f99409b58797d7e,0x90b1f735Fae6B2BF8E8c3D2343e9D1BA227e24Ab,0x49cC183Db4bd928E6B84c26730f6cBb94082C835
aFTM-WBNB 6e6B,0xDEba7Bd1a7554B50De71ba9a194FCc369B326e6B,CL,0xD3BE973Bcbac45B8209f0DDEd1EFa5e8B91297e1,0x8163E26CE7961Ff885c998897b8E4222c4CFde0F,0x53441631792e075aDDCd8524c0d6ecB78f28F3E7
aWBNB-THE 3f3C,0xeD044cD5654ad208b1BC594Fd108C132224E3f3C,CL,0x66eA6e9D8fBb4E212B7E59E864b25E312Fe6B897,0x18b345f28c34B302592fd55F407C594bFD08F7d5,0xa45E3456cc0013E0445eb44cE8c0c30243c2655D
aWBNB-THE b15b,0xe8EC29b75d98d3cdc47dB9797B00dCaaBeA2b15b,CL,0xFBfda960853C7002bb3f4614392503Bbd92fbA74,0xC9bC848e07a00de96651B6CAD155F6D14519C29c,0x633c64210E2F2c639db55c910bDf60C4126f8324
aCGPT-BUSD 4536,0xF7897c48826b1a51F7A90143Dd4F2c9c61964536,CL,0xCc54e8bDf6Dcef204C131aeDd09D53c1ec4235D1,0xD55E2eB79cf3ff480DC011d0aC1Cf5Af5631BB73,0x3a25D108e9442E30EFcFAbf7A47b48c33Ef88CdF
aCGPT-BUSD 68C0,0x07d0adA02f272D61e09988D661d512B95d0C68C0,CL,0x6154F429B46091cBbC5e0f33f07B84dC4EC33aea,0x186bF735Db9cD8068E018cDD3712b1a60fDC65e2,0x8d68Ee77f8E5B5ADeD61d772a1e2B4eaF3C460Dd
aBNBX-RDNT 5420,0xF2Ba5122a1f2692C8785e0D3b10a99AC62475420,CL,0xfBac5a3A8025675d5c3cE2590ab1F90432d59DB2,0xD20Ac75597a14dacde288e2954E86751F83588d8,0x2425C78AD70953Bdc920151C8D56CD9ba8614CA4
aBNBX-RDNT 0CC5,0x3d725D263D55CDa0407B720D433676661b540CC5,CL,0x830AB99Ea865D024264BB757B5aDF849DBf60B6c,0xB41E4cEd45E7A040A6B4FE451D828cB6b32dF97D,0x9E3D2a5858B56f94396d64E8D615fdFcd7FC08Cc
aANKRBNB-RDNT 6f46,0x137B283858b82Ed466823e81b7f791a04f7f6f46,CL,0x6b3090713fD7d81B3c897BF89f01c1ce130a0072,0x9B9872497582B8569b04EA7B463F2414D51F3eEC,0x02C3a538e805370022a6958e97AffeA9253650f2
aANKRBNB-RDNT 97e8,0x62034F60A8516a1b424c79c2e9a8c214D6Cb97e8,CL,0xe378C0e00660534652356eEC5af2E03717717576,0x8909E347F3cb2a38c8E109B7005cd166A1B5a202,0x11f9F002c4AB5781871486788256c25eda1E2b1B
