name,address,type,gauges,bribe_ca
vAMM-WBNB/BUSD,0x483653bcF3a10d9a1c334CE16a19471a614F4385,vAMM,0x7144851e51523a88EA6BeC9710cC07f3a9B3baa7,0x71ccB5Dc20676418F196F814B564313f4E85aB8a
vAMM-ETH/WBNB,0x1d168C5b5DEa1c6dA0E9FD9bf4B7607e4e9D8EeC,vAMM,0x9A0C07d7b9d0e0A82ccb12049876e2FB6bf96D0f,0x5bbccB1c8359d4E2C07deD8bEb562CAF3Df8eaEB
sAMM-USDT/USDC,0x618f9Eb0E1a698409621f4F487B563529f003643,sAMM,0x19Beb32Dc0fB085Ef372E96E946BE21eCeE3fC51,0x0120d434AD826a3a0a9F4c9A3BbfF52c622DF467
sAMM-USDT/BUSD,0x6321B57b6fdc14924be480c54e93294617E672aB,sAMM,0x41adA56DD5702906549a71666541a39B0DbcEb12,0xbA64125852b442D6fd46b97f12037089E7adBACA
vAMM-BTCB/WBNB,0xD328D129E46f9B978416599913102e8CD64593F3,vAMM,0xDD35503b77277a6D810fEa6479C92bbCE5bbb412,0xF0308D005717858756ACAa6B3DCd4D0De4A1ca54
vAMM-WBNB/stkBNB,0x2B3510f57365aA17bFF8E6360EA67C136175dC6D,vAMM,0xf26C84237F6C4a2268ac1D699475d2E07689ffb4,0xa012C11D60b95Fb9ee66D87827868869228AD108
vAMM-BNBx/WBNB,0x6c83E45fE3Be4A9c12BB28cB5BA4cD210455fb55,vAMM,0x0Df5Dfe92A0568373DA2d705Cdb5F68017c4B19A,0xb76756F06BD56439e3F940a16DDdBC76a99c0B66
sAMM-ETH/frxETH,0x8A420aACA0c92e3f97CDcFdd852e01Ac5b609452,sAMM,0x33a357faD7DD41692f2403b919225f0624eA50ff,0x486B3cbE3fac82492220f646D890cA805BE2726a
sAMM-HAY/BUSD,0x93B32a8dfE10e9196403dd111974E325219aec24,sAMM,0xE43317c1f037CBbaF33F33C386f2cAF2B6b25C9C,0xA08948C3AC1143Bf2f09F95b694Ae19d1AD3a77C
sAMM-USDT/FRAX,0x8D65dBe7206A768C466073aF0AB6d76f9e14Fc6D,sAMM,0x4b1F8AC4C46348919B70bCAB62443EeAfB770Aa4,0x7AF074B8312462b6FeD7a170a44fd0188FCa3ceE
sAMM-DOLA/CUSD,0x7061F52ed4942021924745D454d722E52e057e03,sAMM,0xC2B56de677e6d35327E1Cf3dAF2357f20a4c8692,0x90d31D2d9885a63C772bD8f71734114E59A43f0D
sAMM-ETS Alpha/USD+,0x92573046BD4abA37d875eb45a0A1182ac63d5580,sAMM,0x8871105347CA6b8e35fB689EEA11AA0AAA3651E4,0x90AB86ddD5FDaE0207367c2d09e10ef1Fb3cb651
sAMM-MAI/FRAX,0x49ad051F4263517BD7204f75123b7C11aF9Fd31C,sAMM,0x556B0b722CC72369CEA0Ea9c4726a71Fb2D1772d,0xbA86cb779d30fe8Adcd64f15931A63f6bae261DD
vAMM-WBNB/THE,0x63Db6ba9E512186C2FAaDaCEF342FB4A40dc577c,vAMM,0x638b0cc37ffe5a040079F75Ae6C50C9A386dDCaF,0x25eaB4dD9Db4094bdAfDDFa513C28E6363caeBe2
vAMM-ankrBNB/ANKR,0x7ef540f672Cd643B79D2488344944499F7518b1f,vAMM,0xfeb1D7E820Caad858c9eeBB12c0B693875Cf4487,0x46fd897EdE9B689a00C2C6A3b05dbc5FA48B97d5
sAMM-USDT/DEI,0x5929dbBc11711D2B9e9ca0752393C70De74261F5,sAMM,0x1520D103D8B366C87A0b273E68a56B5f804c1947,0xaB1Ad7FA79508ac913d3C30EA8952a4486a74451
vAMM-BUSD/THE,0x34B897289fcCb43c048b2Cea6405e840a129E021,vAMM,0x8a8Ec422Fc51B2A88dD5BE489C40aAF1E1fa73d0,0x844d88be2fDB01848bf726C26949E989928e3D29
vAMM-DAO/BUSD,0xF81b6B8aAaD4c37F6F2E8Aa9988f28ea8E82Bb49,vAMM,0xaAB6d1C17EfC04507B993A6fE050d5632C54d6b2,0xd17f0fd43f6569F17Ef6c268a753cd7CE8868E8d
vAMM-wUSDR/USDC,0xA99c4051069B774102d6D215c6A9ba69BD616E6a,vAMM,0x2e537237143ABf74A176d0067bEEbeEbe845300a,0x3AD1a19416c527D21513c5146Aff743893b039fd
vAMM-GHNY/WBNB,0xA97E46DC17e2b678e5f049A2670fAe000b57F05E,vAMM,0x42EcaE09934DC71af220c84663c0A5C835DD0fC8,0x7879bb7EF4f4AD997F9De4e1A3AA4E0C6104F780
vAMM-WBNB/DEUS,0xC8Da40f8A354530F04CE2dDe98Ebc2960a9eA449,vAMM,0x04034f879a737233bF0ef278B50FD06CC70C87e4,0x50437C8AD1fC8c40BF361d531a4f0eD215175eA1
vAMM-USDC/FTM,0x535AEEab656c0fBb07DA64fe4AA3A15Dfc6834C8,vAMM,0x937BA7A421c4b916F77C7CD2068D37d6F4CD3790,0xeAa155599b015063Ba2bae551d68525c0510E6A3
vAMM-WBNB/OATH,0xAF6389e0281337cf810b5843EBaE12dbF5A0eAf4,vAMM,0xb45146843EdC26D96B75F625D1298489e14A1A20,0xf96D0fe445f23cadE38701A67a7d4E368005678a
sAMM-USDC/BUSD,0x7e61c053527A7Af0c700aD9D2C8207E386273222,sAMM,0x11E79bC17cb1fF3D4f6A025412ac84960B20Ba81,0x1Fcf78A46c6a74776c7641382579E0Aa7987f39F
vAMM-MATIC/BUSD,0xEB58A4D07990fF50b9F8289701cBdDf9052570B5,vAMM,0x8Da503434F19af7e2eaE955f60634b67651049A8,0x912aB3A1d92a913aE0A186E5E52c3bB27c93c3d5
sAMM-sfrxETH/frxETH,0xc2D245919dB52eA4D5d269b0C710056639176eaD,sAMM,0x82d30c5dCd9C980714E3F9F8E8CEe7c9bdD13d06,0x068875E5BBe89Ab1eF0A8E62e5650107875f0C39
vAMM-XCAD/BUSD,0x8dDc543CB4Be74D8A4979DcCFC79C18BdEFd2Dad,vAMM,0x8395bC73C80a689F57bD987594936E15eA741C45,0x1A45c383F657fE9615b3e2Ed05c821e55f1Ab76C
sAMM-USD+/CUSD,0x150990B9630fFe2322999e86905536E2E7e8d93f,sAMM,0x1B230BB3fa2d1257c3D82227207C530020dED298,0x8828Bd1b7abc5296D3FcfEb15F58c23088410449
vAMM-XCAD/WBNB,0x3Ec80A1f547ee6FD5D7FC0DC0C1525Ff343D087C,vAMM,0xA6fccd530AE7C4de8bCA9fF28403ea49637780Bf,0xEea7cc4d3281773827Da0E62E116Eff86fD4DCc7
vAMM-MULTI/WBNB,0x075E794F631eE81df1aadB510aC6Ec8803B0FA35,vAMM,0x8e89554687Aa59763362a32Da0117D70a72f568B,0x1647F420A7f76F64740A58f3d6f9a962525912C9
vAMM-FIL/WBNB,0x1f06C7E323Bc3A5C94Bb6B760C128830cDF6ADfB,vAMM,0xB67505085E556765cD5a0C3cDE2d15794C3119b5,0x39312fC2fb7561768961561071FB5cC2f3f54e4e
vAMM-DOLA/WBNB,0xc5856601712E8a74d57cdc7a47fB1B41C1a6Fae2,vAMM,0xA71bF9252106aB196F0494F5eCe149e71807c1eC,0x88F8C7C6F2F4615973d870f56Aae9E3b5418887E
vAMM-WBNB/LQDR,0xEC4484c7F7671914E897b1AEb8418Fe12E320f21,vAMM,0x3B6321Dc8E795CA8175656981e229b47F4f7c015,0xC615eD3A40354F158e6234B04519CAC735BA045B
vAMM-ETH/XCAD,0xe2d25A87e97a1016c35F736Ea77A4d6Bd1919E74,vAMM,0xAe89c4fF9Bebe617007c9dE371B6cac6cf324AB8,0x60c5BDbB9713B491c7B5FD3D7a9faCBfC712265C
vAMM-LIBERA/WBNB,0x7d68e7B1aB7af2fD98827Bb4e2c652A2430141f8,vAMM,0xB45F26760B0FFB3ED044A84672e62EdE80e4a52D,0x55d478Ae4C407078b30a515d0Addce07C939a236
vAMM-frxETH/FRAX,0x0D8401cBc650e82D1F21A7461efC6409Ef55C4Db,vAMM,0xB9EE49D6aCCECa8E97Fb4E8c08378ceDC8070B00,0x2e28f2a1113e3cDE6C417114EA3da13fD5b09291
vAMM-DAO/WBNB,0x948c553D8c25Ad7bD034086F0AaE9a9D3c028B90,vAMM,0x82a41D1F472e5f26E6b591e427CDE31932c0f5f1,0x6EF6B15D96fF14801c93b37da4189924fe2b9d53
vAMM-BNBx/USDT,0x19420fa1D0E350b5d46a8D3B24Ff2421744eB54E,vAMM,0x74619E802aAC2A8A6D17Bc913E0585a026AFD152,0x9A491cAF7BC21c397A3b695dccD5e2890D6b2F7d
vAMM-IPAD/BUSD,0xc54f536FF19FFcE40A82cCa2903B1D7D48Af69e4,vAMM,0x8cb534a6c2220597E11C0Bb29C43387480d1a512,0x09c8B34BFDd632Fa8f95727cf943e0fb0765FC5B
vAMM-TAROT/WBNB,0xB2604B72b3Aa4aF8d0419c736de2D261b40ec755,vAMM,0xf49BFF8Fb6A0AD43475D28Be955E62c10c50A998,0x0FD221E7a67C9E4550D5AdCB9792decE1eff7B1f
vAMM-AVAX/WBNB,0x7B2F91d226aD214Ac42ba21a597d99896311eCD1,vAMM,0x896256c48341B8E2B16AcFc9189D844624bD609B,0xdDA1D9253C513379b09591F25E9e9b854FDE150c
vAMM-IDIA/BUSD,0x3c552e8aC4473222e3d794ADecFA432Eace85929,vAMM,0xf9b5cb99a576eB9c00446b7FdDB69bbb2E002143,0x48C99d7d0E8fA3DD6932E7F0E772cD0373e305AB
sAMM-jBRL/BRZ,0xA0695f78AF837F570bcc50f53e58Cda300798B65,sAMM,0x16986d091A0d168F8d64D3180811D56ff52Bfb66,0xA4F8D77c08ef702C2A718925AA845855016ba8c7
vAMM-HAY/ankrBNB,0xC6dB38F34DA75393E9aac841c08104348997D509,vAMM,0xe5f9F06d6eCE3DfE30dca7AcbB20bc7fbA9c6272,0x2BEC1EEC49172b2b9F47F7dbD1Be29A04eDddB37
vAMM-USDT/TAROT,0x8efeeAE90E67051c4F9130DD4f27d5D443E58A8b,vAMM,0xda6Fc5422475c424928F3A21E9B8d9F80b1dB190,0xA04433d44DC8e133b7b958f8bF5083Afb55cb182
vAMM-XCAD/dXCAD,0x3f4d5c667D918DcE84c89cC63998776d21081089,vAMM,0xAD9FD07404E26dD7c2a837405E07D41a09891167,0xe38f473c62D9Ea9c9494c1B767D61b2125366A95
vAMM-WBNB/BIFI,0xbaD27C20d0A2428251585f1FD509685e48f307bD,vAMM,0x003d5f35250c9AbbCD9E1908312d9D59f47Ae532,0x7ffbF8f38E4d11d2A4f9994Cd554602d25F19a98
vAMM-NGL/USDT,0xD949476184B9c94Ed2130E8175D4139654CE2339,vAMM,0x14f3718610E49ef7cf95E68742fC7ff791FFfEf1,0xfA256C14bD2053C67e313eDf6c215C872a911417
vAMM-XCAD/THE,0x3A569CeF2c6445d198F90d3D87DbFa3C7977cEb2,vAMM,0xC393369CAcB83cb01A046e13451C3dD97E824bB4,0x25B6AfbF2B01f9CbBF663bca8742284FD59DBfD9
vAMM-ETH/LIBERA,0x5Fe44aCa2DB7CDbe31bc3749a18753eC94Ca699c,vAMM,0x5411fF94d355d403631333ed8EF9F926ed124CA5,0xAaB83c017D04a326E297c49da6EF4E134E7e1f7a
vAMM-XCAD/USDC,0x6190E79064213E6A2997355153f57904FB4910C3,vAMM,0xcD39794A39Ca45807A920A8646AE5316b13496AC,0xa6Ee7747a5b4e2BC917Be6E52a757345b545f6ED
vAMM-XCAD/USDT,0x46C69a989DC56747F007acfA4d6BC7c9FA8137bF,vAMM,0x4C3aFe7814f93FDda87d7904F1CF046157C37932,0x1f4a3fcFa368eCCC27883c353E2D10c40e95e81D
vAMM-fBOMB/WBNB,0xCcDEdaC1973b6d2542fB1b7EcE843b81A9ee7070,vAMM,0xD183775F3C45482bF528a71764Ab468d4c79BC9C,0xD2A5311f98D2a0FDbD756fDe48A0dea26Af5C2Ed
sAMM-HAY/USD+,0x1F3cA66c98d682fA1BeC31264692daD4f17340BC,sAMM,0x223E9f8654126926D8C1797E26EF15B13630f2ea,0x8FbF01a6D3Fef2847f2c35d9a05476eb859D6B2e
vAMM-PRIMAL/BUSD,0x721f0607e3B3ad025c3f996EF412A62AE461b15F,vAMM,0xf645D1Cd7ee4E88d5B9A1896D628393858a7f29e,0x013Bb64E4Ff66935cdE60A4A103579D6c0E37437
vAMM-ankrBNB/ankrETH,0x44d1F00E75fd074F6016bb1DC326DcCD5d04451B,vAMM,0xCC7226622FDC0dc70d641419759B5E42f1dbdf84,0xb4F8D476C88e574DAb2D04f753bfde9d44a74BF4
vAMM-USDT/FITFI,0xD523AC2609c3A56f945242CC239e9F47c018bf6b,vAMM,0xCd62Ef8B3324d8506e8592234ca7e41B95D2394F,0xF9cE6c368AFb7fCD011C7EE9C586113b98c13dE9
vAMM-USDT/FEAR,0x5980f099EE0584ff7F840a3672983bbF71E69a36,vAMM,0xA689d47cf0E50EB499DCBE12AD51E831a749Ca2f,0x45CE6313C4E65079146B9a475F9484593F65E0b9
sAMM-FRAX/BUSD,0x7fCfE6b06C1F6AAd14884bA24A7f315C1c0C2cEf,sAMM,0x19549316a62f1D333cA7656bA634ba3cAB843348,0x0F4150Bd732D06F5cf8dBdFAa9121B94b2aaEF7c
vAMM-FRAX/FXS,0x3c9BD1f914D6F0e0CD27a1F77e120c061D1FDbEd,vAMM,0x4328A8A77461A9aB925CDf1CCBD2300d6fbA27E2,0x970E2CDe8c2A116d3F346cE2fE60dC0f188D10c4
vAMM-ETH/ankrETH,0xa3b8e8391d7fd34Ffef885D5F4db3F15a127786E,vAMM,0xec39d28094CE1E1F7438a117836Bd2157196935E,0xc4438818AeBB5d04141299b0be1C9698184A2A91
sAMM-USDT/USD+,0xea9abc7AD420bDA7dD42FEa3C4ACd058902A5845,sAMM,0x31740dfF2D806690eDF3Ec72A2c301032a6265Bc,0xe52917158c3C8e29Ae3B5458200cbF516E56F660
sAMM-MAI/BUSD,0xe459556595A224D7F12b45E93138F4A1265AC618,sAMM,0x6FC3E598c8cC6D1E49b6233205b69aE07aB41C72,0x2496D9A84e9c36bB899405A47e381Af398F12b0e
vAMM-USD+/THE,0x7F74D8C2A0D0997695eA121A2155e2710a6D62dc,vAMM,0xE4F0E1E2A6ceAeF8b076d6321702EA0e38245813,0x39d46d0f49fab60002d2f359d1497FfBFC889ea6
vAMM-BETS/WBNB,0x21f60Af65Ba9A20c3320B6938aaa60237f6bEEA8,vAMM,0xaa9f64076103cdFBd376243F4dB55a7735EeE643,0xf1B916d57912ae1AaBba42a3fc7cC964b3Ea35bA
vAMM-XCAD/BTCB,0xd9F7096625B65Ac37c09d05c1c4548edfcCe9fBE,vAMM,0x028665750d4c184CE9F854224e29F8588e45397b,0x18aFAa3bd3f55F62cb104d2715C3923447Fff091
vAMM-ankrBNB/ankrMATIC,0x372E0Fae9Dcd0a0b3CF184072b5F2A17A2b53d92,vAMM,0x5a958bFa636D9840cD74643c9cc41c78A444c995,0x9206098F0A762DbcDd3fa88BF6Fd30EdD135B9b2
vAMM-USDT/PRIMAL,0xde72DD50Dd0ca9C8c48b04F74c5246B5545969D0,vAMM,0x168585B1D86AECA90A1134b8706f04300e2b2c61,0xAe18F2e7522697eF731cec7fc41661a02b1Dd389
sAMM-FRAX/CUSD,0x338cA7eD1D6BeDe03799a36a6f90E107d24Dc6aD,sAMM,0xfeF8FbC224cD5EE38C91852dbE71363853483017,0xdF6b30f954Bc8f1c798Fe5784aC8D6508Ae544de
vAMM-USDT/FLOKI,0x537672472Bec1246eE9419e1716e221c9d0c04f6,vAMM,0xFe5785Fe5eED88378c96bE340315AD1e7916B0E1,0x2A9D4bC97291F42816D23A58B2aA6cAaca20D034
vAMM-fBOMB/THE,0x18c12680ACA1A2660ADC88751b49bd156f435b3D,vAMM,0xd6B9B9AEA50a114827a0C60ED8a734c33047E164,0x5Fc30Fad1E96F846bf9148182BE893175E81e6E1
vAMM-WBNB/ANKR,0xE934278276c0274aac95DADB9783F02A27c351Ff,vAMM,0x9f3d718Cd994627A78dcBE7E6C878462337Ebd19,0xB8655897fAf9e9a1c260EC2dC2ABFE4e4E1BDE27
vAMM-ankrMATIC/MATIC,0x138104C01d0c8fBEB5D6caA99a38A93E9a7868eB,vAMM,0x8631Eba8Af8b807C7Fd9D666aa83f0B901Dd19e6,0xC5F39EbD06282c0E4aa0A2d73C842b3fB7D0A5ce
vAMM-FS/USDT,0x1F02F41906b4E1909166e542EDA61AB2924c5a37,vAMM,0x08AbF16ADCDeDA96A83290345Ea9928D23489c16,0x25a0b159DbD8D9634a5f04f67d30a6CB0485d6aA
vAMM-USDT/WBNB,0x6BE6A437A1172e6C220246eCB3A92a45AF9f0Cbc,vAMM,0xA7cd5447A2759fC8F63A7a4FaCe894DA301d6af4,0x56a5be66B5d9d2586b24C88F349bB16C10D8D70A
vAMM-WBNB/NFTB,0xC03D86b6685Aec46909eA5c54943e2a1238E02Ac,vAMM,0x005c4CaaB9c140838300851Ae449423E7082cD95,0xc3F0cBF5D1D34B0Df206a04Da2D2D095f681667e
vAMM-eTHENA/WBNB,0x9798a3835c8C87bD92803C3A248aE0042FBE4c6c,vAMM,0x2fF3e680315F93057913617844361D30C6EcF784,0x98670266847F3Ad540cc1332EB4d42f7d7CcB066
vAMM-BNBx/SD,0x9698e0c7af13B6cEF8017A5c34eb2B3d053C491C,vAMM,0xB0b04da5163A407d8E0Dda6085Cb3A298394353A,0xF6c90c06C4C9fA2F04f6360a92a9c0a1B8BF0379
vAMM-TAROT/BUSD,0x928FE97eEe1f921D80F25DC2EeA1dF280704fD03,vAMM,0xbcB7da4A4544Cb748D7c85DC857408a35Ac1C1AA,0x9EE875d9c72dE950b95437081Ca1c063F9Db1CfC
vAMM-MULTI/BUSD,0xdE4Cc4446205d1138EcAa48B2CB22b8e06E69BD4,vAMM,0xCDF4E03E33813E4374957De6A9F1E926c33D98f1,0x420509ecE08b3B3A0B8C2097e4F53388d9367c5F
vAMM-jBRL/BUSD,0x33e3E8d3e1077Ea9Cc9f2f2c60EcEc01814EBA50,vAMM,0x72eDCc771321B31d5E3C6167f496E4336C6C9106,0x3308Ba1D4dD66eb823ca7B30Fd4795f817D61f27
vAMM-PSTAKE/BUSD,0x67e51F1DE32318f3a27265287ed766839A62Cf13,vAMM,0xF1734dc7A1524569dD5df129681032A8F4099CA2,0x248ebdFCb74367c27A1a06c0e8fe5fa85b96CbDE
vAMM-HAY/WBNB,0x307936b725272Ec6Eb19d4d539207554f31E6231,vAMM,0x55e2d66F3a84863a62f1FFFF17C27A65597aFD6D,0x59725A822C7d669E10efD4D0F740D0ca98673206
vAMM-FEAR/BUSD,0x7d46E0498e485Ca5E5086E900F14A3fCC8A22ae0,vAMM,0xB46Ed247eC20EEF7978a3e7Fa4980F35E9911Dc1,0xDe71db3Af54E272Bf7bEF6348247aB3c9ce57F45
vAMM-WBNB/CHAM,0x0ec098Aa4bC6A31e4f804E653F0488Eb0FEb1a2A,vAMM,0x765F3027e06B9c471654c50b7A7c98F2Cf325652,0xb10c7Da0DDE06565Ba00e8957dc93dE76601f03b
vAMM-USDT/dXCAD,0xDA5edbE3f254046cD8CABeC6758E0B1122B52D6e,vAMM,0x07a1dedBebf1608DDb2b88813AA43aB1027FbE60,0xf052202f0820F93a19BB358C89b25b9CE0122011
vAMM-FITFI/BUSD,0xcAe2C0d6937671490D3bcE4C21d57fF313f407Eb,vAMM,0x6DAdDC3E9ECCDC6D6ac4BF30C02033501D7B539C,0xf56672A7d710B898A3d10393BC13CD7D6f9afdEA
vAMM-CHAM/THE,0x761327Ad8409Da88BD5485487b8f64B9A5295DD4,vAMM,0xF4111Cae5F84eD4feF71F93F1f726B97DB1258f6,0xA872A4F8bBeCfAC51C310f831e20664C727C4A02
vAMM-WBNB/PRIMAL,0x6DeE59C19FD1D067BcCDE52640bEcb43c820214d,vAMM,0x0349B2eE383ece458375284A6F6A7D6318595903,0x44F83Be2dC763D7c2735Ae01ec5A2b7398b6b7a1
vAMM-ETH/LINK,0x1Abd186f1bA4cF6CFF32514454Da180C05e6Df21,vAMM,0x622Df1b504E96b26E8b17Ed9Ee11918a33c8C29E,0x958D0BF5d0C6A9D5459f1032519A74D885B80A69
sAMM-HAY/CUSD,0xaD0B947374FeB8e21D7CFFdfE394d2C59F5e06Aa,sAMM,0x82903442A1E894052eA9fd813edCD06F6D512399,0xdea8aCa192a1045aa370DB387C60059bDcA4c370
vAMM-USDC/WBNB,0x4Cd8a94975e275BD327431e2225f3afBA73B56d7,vAMM,0x764DC4F75253fcC0744F2ad433609Bb3B358BAee,0xf975D5f3BD35fbf07e70b625C998176cDbDD44Ee
vAMM-XRP/WBNB,0x29203F0a3C733E9B605717f9b2ABFbb140740f58,vAMM,0x9D5f104F53353939DC953687AE0860Fb3eA1cFa3,0xBEe2ff1f6a7E648f8956b2F680197a24Ac285C3A
vAMM-MIX/WBNB,0x0f7d50A2728dE6f94B3aC8013031f527572cc9F1,vAMM,0x3bf94AE436be25baB914D6D429cBa7a9f9C0Bb30,0x18DC306fd1915D3d940a0C08D2B28bf0230CeADB
vAMM-MAI/WBNB,0x16b32FfcEc07C8177AE037c69D10234edCfb0a5c,vAMM,0xEBFd07af05f22c42229b61c70350F163bA828E6c,0x34042309F61e41922424Ea90883F2a5CE9f01e79
sAMM-DEI/BUSD,0x06589AbD54582783142E3D1165722e7e10483De0,sAMM,0xAfF65f90e50C371481bEF5f3815eF3A891c0A91b,0x32f526021dBd1b4ba7dEFE2194040B4df434Be5D
vAMM-BUSD/SLM,0xAfD1A0319909d66046EF5c1237470C2ce02EdF2A,vAMM,0x0905C5a59D610e824fd8CD66AA641390790925dF,0x8732eb8bfb52bdD31D309fc5be20B4741Bee34dc
vAMM-OATH/BUSD,0xc2dc97A4afE061186Ad5Ca5231f964a97Ce305eb,vAMM,0xbD3C24fBBA57D5178994EaCfda85985D311DAfbA,0x6654301Cf240b1899e157B7BD5047F82c5a0EE2F
vAMM-BNBx/THE,0xBB25DD702471aDb5d40df0f382586Cb5CBf49Bd2,vAMM,0x6FA53583426384E59aE40789378A97eBaD139F8c,0x60C8C7c7E5Ca7e29566D50d1f509Ca28eeaF4a7e
vAMM-MIX/THE,0x4174d369DC35BaDE9dEC9d1B032E322517A945Ae,vAMM,0x603d355A191d69cE85194D5BcD8dad9db256C0Ea,0x9c0c2Fe6FA4CD6bF5e0BF59c920602a5e0ADBDBE
sAMM-USDC/DEI,0xC092c8ef0909E422A9B7733734d971215F52fC2D,sAMM,0x75A117981576D3D137c47Ab04ae3329d82D1A051,0xD906546901442135E92c1569A64b928765a529b0
vAMM-FEAR/THE,0x3CE33Ef9F2971b4877d39718dbFEE7C01AC0CAB6,vAMM,0x418Ee6fB9De33166A6fDaA68EC56F6c94064F950,0xA51232Df6b727998FBdAD586744E5C3dfb1902a2
vAMM-OATH/LQDR,0x32629Ff547F1E619f4c37A84fD66624cA0ab01d8,vAMM,0xB60bffA16DA9F5578e041B733b32186f80F0d343,0x9d1D7Be4f72369052Bd41ABd392504Ca0f71fCc0
sAMM-BNBx/WBNB,0xA046644831b70aFdBfDAAB0bCf15a72D6c15d0eB,sAMM,0x0000000000000000000000000000000000000000,0x0000000000000000000000000000000000000000
vAMM-CHAM/BUSD,0xDf63A43aEFb5c1Aa4040a3a121d2a8C00EeBE7d8,vAMM,0x1BEa8805DD5aB4F81754b5638b8405Dff583FbDd,0x7C9670Ad5619D10081108727058BEc4A2ef69291
vAMM-ETH/CHAM,0x972291C293a2eE6c7397017a6412035976E4326C,vAMM,0xd2a70f21FBc6CB62d3e24DeAD210679dDeD9077b,0x75D223AA2b357097a43186cC13A20Acb016C84C9
sAMM-BUSD/THE,0x1DE8Ee98012Dae7861e76ff38Df9DdAC32CCc947,sAMM,0x23ed55d1968Ab156596cCF23F1b363843aC5C924,0x15bc00c84bd1EFc0A160bBCf19EC3a449aABB4Db
vAMM-jBRL/WBNB,0xf019759F450C8a1C8CFD4E9EcD34E09F72d7Fae5,vAMM,0x5289EEB1024bF2f39ED7CE4b0B11d61Ef8F755Ba,0x89b1FEBFe45ad2949A65F095A8106e4fE5c2d5a7
vAMM-C98/CUSD,0xF4d3aFa871f1Bb9d5Db7f057eD555a4c549b5174,vAMM,0xBA753ff837f5323932F9Dd4cB6E2e39e2a84F4C2,0x1c3B3C67C2b4f8c31fb4D06607EdEBD3f71e9eF9
vAMM-USDC/LIQ,0x0A65Af66C963E04D28C1497066362Dacb91dd1a0,vAMM,0xb22e75e01CeBA87D9Ce0A8c35fB8Cbc6f35D1C8c,0x38585ACAaA3f8f7BeD3080faBe4DD8ef95e2AaFd
vAMM-ETH/frxETH,0x1ed421aa33fFd165423B33E17568626B40eBd25C,vAMM,0x1a1ba0b1ed713ac494E9b55E7CD085c1Be96F2E7,0x6Ef12500b4A69d43b9dA23D91123E04A317A0e6e
vAMM-AVAX/CHAM,0x6dc3C6efDeaF592C2d82Add41d7D42e00097Cf4f,vAMM,0xf675CaeCCB9120e1576DC9D725E14F629fDEb73c,0x55168557A4b9b69E94D6AC9E7523eBe6d03FDfcC
sAMM-GHNY/WBNB,0x833fDCd260811aF76AF0C2BD4eF7c961766C96f6,sAMM,0x146F1680DdA5690FaC4D9e19F26A30458a1578A6,0x054E12B6Bb75A7Ea39a58D7E81A0457ce8a67F4E
vAMM-USDT/BUSD,0xDC17b8899D8084E64913BD508bb13BfC2696dEBB,vAMM,0x73fe62e698720b2EE08B9d5447cdeD3122130C56,0xE1Dd5b3176b9a2497b4F9F7eAA86E022E6CaFc0f
vAMM-DOLA/CUSD,0x330E00e8d3bB3E1188809193F663E754F8453261,vAMM,0x7150e1ED462B2A865711A211dd2ff93E787F33a9,0x4023D056176E7feBCF381C427FfD24d3de826eB0
vAMM-GHNY/THE,0xf581b44FFD48eb84d984CaBABe7221F3fc85FbE0,vAMM,0x0000000000000000000000000000000000000000,0x0000000000000000000000000000000000000000
vAMM-MAI/FRAX,0x7F7FfDC08d9A11DBB8F149FE16E3069540e7E012,vAMM,0xD8d557136975dE0F8C42f3530E2A78BFC701152B,0x89254C0ac6a97f831155D61406a3910f6206936B
sAMM-DAO/BUSD,0x976583340036Aa93C5f0Bda9dA342e9EC6413A2e,sAMM,0x6DFA9D4788D5e6F9932376175c47E7Aa4CE2e72e,0xA082161Db5D5353d0b0DD79E691AAf10Fa473595
vAMM-USDC/BUSD,0xbb6CD6EfFB4861971Af675ca5fb8964873bdab2d,vAMM,0x96Bead3aB5E281adD000E468ab862A59F55223a7,0x7E13faBAB5B5737A074199e44fe1Bf0d170B6016
sAMM-DOLA/FRAX,0xFD66A4a4c921CD7194ABAb38655476a06fbAEa05,sAMM,0x7342C0441440781E538631C47a1207a0D4621cB3,0x6d39e2A90f55276734AABC51C978D0e66De6e822
vAMM-MAI/BUSD,0x562a3d7E55D3F0E5859A30ab7c492787f0B6f52B,vAMM,0x5B1F1d097461B8e758341aA6DD82a3aaAF87C1a6,0x388C816A97437d7FB8C020316Da155883D54D397
sAMM-WBNB/BUSD,0x6167c86326d3d088d6EBba415aAf172613BB579c,sAMM,0x31f075409C9B506C448b330574614A0e064A46EB,0x84fc109e6cCE238fe0Dc70fB169e35C116c550ee
sAMM-USDT/WBNB,0xF048CF3EAc3c17aD47ae1C4e37408040177a8554,sAMM,0xf39b168cDdB70332e0f02030a4785564b5d246fb,0x5761635FD255d5089563e10610DAaF39C7a65ab2
vAMM-BNBx/FRAX,0x314d95096e49fDe9ebb68aD7E162b6eDd8D4352A,vAMM,0x5a7c73fc254593C9fD0467Bc3068D610Acc847d0,0xE00680165abb4dAdEeD75fC4332BA7d2b809832A
vAMM-JRT/WBNB,0x4DbcF190cbdf69f3b013DA6FBB911943237ab913,vAMM,0x51Dd79f02e0FBfFb192E5Cb0AF15cE7fDFAaEE59,0x86F9AADD79A8ffd173C46e86539e4fd7d9Ae6e3c
sAMM-WBNB/THE,0x8cA230F0573c4F2c7d3b202dd22c1abCa557dCf4,sAMM,0x0000000000000000000000000000000000000000,0x0000000000000000000000000000000000000000
vAMM-XRP/XCAD,0x2127bd04dDc9d8d1a4fAfCd96b4D4D81153831BC,vAMM,0x0000000000000000000000000000000000000000,0x0000000000000000000000000000000000000000
vAMM-TWT/WBNB,0xC4A17162da872640c49cC191759F8B423539c7Ea,vAMM,0x0000000000000000000000000000000000000000,0x0000000000000000000000000000000000000000
vAMM-FRAX/BUSD,0xa91f86362E75c62512C6E790aB0784040f211179,vAMM,0x0000000000000000000000000000000000000000,0x0000000000000000000000000000000000000000
vAMM-USDT/USDC,0x262029C946D868CA5C339D4eA605e65928e2013A,vAMM,0x0000000000000000000000000000000000000000,0x0000000000000000000000000000000000000000
vAMM-USDC/dXCAD,0x565F87C3D57bB990f138927f1E0cbb268A3E72dd,vAMM,0x0000000000000000000000000000000000000000,0x0000000000000000000000000000000000000000
vAMM-jEUR/BUSD,0x1960d3548F2031baF05daf558D5D644A580722EA,vAMM,0x0000000000000000000000000000000000000000,0x0000000000000000000000000000000000000000
vAMM-jEUR/WBNB,0x18d6583a0238C141EbEB3bA3e39ba4481312ed37,vAMM,0x0000000000000000000000000000000000000000,0x0000000000000000000000000000000000000000
vAMM-USDC/THE,0xC6376e5452EBd75cD4dE8e0d597f66cA38c1FA77,vAMM,0xAC380d878738941a7F9deE791ac3C71211088a48,0x884Ec46506Ff0f924BcEc012F2AAADfdCF9471Fc
vAMM-sfrxETH/frxETH,0x1964f694B722045D8cF757e19c9439E38810b5DB,vAMM,0x0000000000000000000000000000000000000000,0x0000000000000000000000000000000000000000
sAMM-XCAD/BUSD,0xe200B5B3F08d1254d05d8797FFA1f99730C0025c,sAMM,0x0000000000000000000000000000000000000000,0x0000000000000000000000000000000000000000
vAMM-ETH/KOL,0x74A4f4722A4C105eCb9Be131A86d1e0344D4E6aA,vAMM,0xbA6aC1d7Cbc3E992ac8fc53785a2Cacdc303EDdA,0xdaB81130BB7b66EBd51Cb3eC3e04C39D6aE17978
vAMM-ETS Alpha/USD+,0x867fB7330d49ABddcD457e758Dc1a0d920c32Ce4,vAMM,0x2774C6D86df205748467DF76067c46067CB13a0C,0x77a0631b34F9C8cCDBd7d0A65d7E90f1CdDEDb20
vAMM-HAY/USD+,0xbE284ed0e5623608446f769EA81C9F9968c3D3FF,vAMM,0x0000000000000000000000000000000000000000,0x0000000000000000000000000000000000000000
vAMM-USDT/USD+,0xE4B5493e357859FB73bE73b29B1034cF63547986,vAMM,0x0082c8aCaCdAB706de00476f01aCbb7fEf8FC406,0x3fB92b61c3dF70c9e40F5BbF1C10902Ef22b3d34
vAMM-ankrBNB/WBNB,0x9c9eAd6CFd1ED4Dd17Cd44eb12229364Dd541697,vAMM,0x0000000000000000000000000000000000000000,0x0000000000000000000000000000000000000000
vAMM-IDIA/WBNB,0x57818b471AB3b7BDD558cFA0D5bc6Ab35534AAc7,vAMM,0x0000000000000000000000000000000000000000,0x0000000000000000000000000000000000000000
vAMM-FEAR/WBNB,0x899845719b6FbD9c9e16a869dDfCdB0499eDC01C,vAMM,0x0000000000000000000000000000000000000000,0x0000000000000000000000000000000000000000
vAMM-SD/WBNB,0x7dceABfaceBd27f708FD9E6918c431d747D4Bf0E,vAMM,0x0000000000000000000000000000000000000000,0x0000000000000000000000000000000000000000
vAMM-FITFI/WBNB,0xd9f88F54a73B37463fb8F15ece98e0D1DcdCAAB6,vAMM,0x0000000000000000000000000000000000000000,0x0000000000000000000000000000000000000000
vAMM-USD+/CUSD,0x84811aaBab26D15098f06ace9A97658ED93dDD3F,vAMM,0x0000000000000000000000000000000000000000,0x0000000000000000000000000000000000000000
sAMM-wUSDR/USDC,0x6a3F976C3fD6E00b7840408EF771ed0be42d2A09,sAMM,0x0000000000000000000000000000000000000000,0x0000000000000000000000000000000000000000
sAMM-ETH/BTCB,0xAF510a3f6888C64A976d5AA1AE42113bB135a19a,sAMM,0x0000000000000000000000000000000000000000,0x0000000000000000000000000000000000000000
sAMM-ETH/WBNB,0x4d965b4AFF4e08F2DD99A4Ecaf1cb3a7f580Eb45,sAMM,0x0000000000000000000000000000000000000000,0x0000000000000000000000000000000000000000
sAMM-WBNB/stkBNB,0x091A3f00feFD09e5343FE4d126B14dc896640786,sAMM,0x0000000000000000000000000000000000000000,0x0000000000000000000000000000000000000000
vAMM-BTCB/BUSD,0xD5B7877cD8056f38bB37FaDb63FE698E406F3870,vAMM,0xeffFB1f1fBccf4E911E4EA3B34e284bbF7A67114,0x1924E8Cd0E8D9373F9193475A839cAF6bD42C9dD
vAMM-ETH/THE,0xdAaC487bB3a411cB9251794bb7c7B04cb6d1aB26,vAMM,0xE342d4Bc22e9098433cc5849Bff490658636BE84,0x2a951C7c2E3e3Ac14BcA002a97c0E1f6c60DBCAf
sAMM-MULTI/WBNB,0x0dB08Af3BfEE2083C702b20c89Cbcadad68eB51a,sAMM,0x0000000000000000000000000000000000000000,0x0000000000000000000000000000000000000000
sAMM-FIL/WBNB,0x45b4d277D73069f71a2d5c7390c56437AB0041CB,sAMM,0x0000000000000000000000000000000000000000,0x0000000000000000000000000000000000000000
sAMM-WBNB/CHAM,0x984cD445A36A6028FE1AE292388228c615dDc8f4,sAMM,0x0000000000000000000000000000000000000000,0x0000000000000000000000000000000000000000
sAMM-DAO/WBNB,0xB96e4f3816DAea60EC84865623892671a4839F2A,sAMM,0x0000000000000000000000000000000000000000,0x0000000000000000000000000000000000000000
vAMM-stkBNB/THE,0x2AFED1cA1bC414e123b1C4e30E8F6FC513C8Ee72,vAMM,0xd63e3587900463f5A629516b363506aE515A344b,0x6C40812a88E1528417C56863733208C9b55FA253
vAMM-USDT/GHNY,0x0b4CE324b89537379939Abb3b35b04b4cC1CF4Fd,vAMM,0x9C231d0Ee2AdBCE9A600d3E98c881f58009bF32d,0xd620d5ec0784A8cc59a5E601D94aE460BC68734E
sAMM-FRAX/FXS,0xd6C883ABA697b33110e42077D28361aa3E48f26A,sAMM,0x0000000000000000000000000000000000000000,0x0000000000000000000000000000000000000000
sAMM-WBNB/OATH,0x694C580E40C97fbab5A53400B6238DA5F81fdD5A,sAMM,0x0000000000000000000000000000000000000000,0x0000000000000000000000000000000000000000
sAMM-XCAD/dXCAD,0x6c03177eb78EbDe271B24FD6E446b301db1AEdb1,sAMM,0x0000000000000000000000000000000000000000,0x0000000000000000000000000000000000000000
vAMM-FIL/USDT,0xfF755d0C1C5b9051a3617221e10394742679F5a1,vAMM,0x0000000000000000000000000000000000000000,0x0000000000000000000000000000000000000000
sAMM-CHAM/THE,0xbA3bAe25efa78F91ffF0dB3A649DB70d33ca1380,sAMM,0x0000000000000000000000000000000000000000,0x0000000000000000000000000000000000000000
vAMM-dXCAD/BUSD,0x238a45C2c6531356aE60DA6123340DD203D5336A,vAMM,0x0000000000000000000000000000000000000000,0x0000000000000000000000000000000000000000
sAMM-PSTAKE/WBNB,0xeb74faE2FeC6808938cFBbCb202Cf271D915355e,sAMM,0x0000000000000000000000000000000000000000,0x0000000000000000000000000000000000000000
sAMM-ankrMATIC/MATIC,0xAcc047c2D898BD36bA24d34Fe197d4AbC82C7E3c,sAMM,0x0000000000000000000000000000000000000000,0x0000000000000000000000000000000000000000
vAMM-USDT/LQDR,0x89590BFDF3c5E052A27D5727fe1fD17d3026f41d,vAMM,0x0000000000000000000000000000000000000000,0x0000000000000000000000000000000000000000
vAMM-HAY/BUSD,0x0a0b71feC85C490469Dd6459E3a4eC1e6A7CC66D,vAMM,0x5abcea5084Af9c5ae4b9Be8BE3A718F2DCA646d4,0x062FB18B72319908aF00a65e42Aa645C131dAd4a
vAMM-USDT/FRAX,0xA4159F83EEa8fC2a66284Cd513D2339aeB1444Aa,vAMM,0x0000000000000000000000000000000000000000,0x0000000000000000000000000000000000000000
vAMM-USDT/DEI,0x9d49bc4092C9FA2aA29B2AFC2723F9Ca97dC9374,vAMM,0x0000000000000000000000000000000000000000,0x0000000000000000000000000000000000000000
vAMM-LQDR/THE,0xb33d77159EA381176ab1Eb11475fd65912d83728,vAMM,0x0000000000000000000000000000000000000000,0x0000000000000000000000000000000000000000
sAMM-USDC/FRAX,0x512909b2bCeA4348Ea3284Bd167095deA10F2F40,sAMM,0xaaF84e2264be6e7264BB7529acd740d3c18f8E02,0x21Ed9d85223AF0be2F3b551FAdce3a31A4A6C91C
vAMM-DEI/BUSD,0xDC2b0436E63bD8654aEA52d1aCD3Ae4F9716A6F4,vAMM,0x0000000000000000000000000000000000000000,0x0000000000000000000000000000000000000000
vAMM-FRAX/CUSD,0x85D65c1cE99B2639985166C4A25d4c44EE1601bc,vAMM,0x0000000000000000000000000000000000000000,0x0000000000000000000000000000000000000000
vAMM-ETS Alpha/BUSD,0xde34Df68795f0D2b07F64285Ba83601889A6995C,vAMM,0x0000000000000000000000000000000000000000,0x0000000000000000000000000000000000000000
sAMM-ETS Alpha/BUSD,0xb23a34cc853E47D8bfd148Baf066B6F1541571c9,sAMM,0x0000000000000000000000000000000000000000,0x0000000000000000000000000000000000000000
sAMM-IPAD/WBNB,0xE57E875F4dc33bca96C888a5BD3214856D8faa46,sAMM,0x0000000000000000000000000000000000000000,0x0000000000000000000000000000000000000000
sAMM-XCAD/THE,0x7c7Ed76Dd95ffA7b899EE8Cc61aA8362d58aC420,sAMM,0x0000000000000000000000000000000000000000,0x0000000000000000000000000000000000000000
vAMM-USDT/THE,0xA051eF9A6FBea340Bb734d022e7B6a3aD9fD9B06,vAMM,0x0000000000000000000000000000000000000000,0x0000000000000000000000000000000000000000
vAMM-HAY/THE,0x0f8Bbc44650BF30F53343c3D2BF5c10356B64bD5,vAMM,0x0000000000000000000000000000000000000000,0x0000000000000000000000000000000000000000
vAMM-WBNB/SLM,0x13660309E0001884d53e86Ea21f1EB1D6E330A05,vAMM,0xF71438096d614B7164Ce03137a6Ffa724627D262,0x71F02Ac30167B01D8B47D89307277B411F71f4ae
sAMM-USDT/THE,0xdC81698F98e275785741F96961f246368FDd5866,sAMM,0x0000000000000000000000000000000000000000,0x0000000000000000000000000000000000000000
sAMM-USDC/FTM,0xebbaFc3781C1C48d71210ec39B6Ab0dADC748162,sAMM,0x0000000000000000000000000000000000000000,0x0000000000000000000000000000000000000000
sAMM-C98/CUSD,0x12D06Ce4Bf2149909F6E4808A48c254d9C07102b,sAMM,0x0000000000000000000000000000000000000000,0x0000000000000000000000000000000000000000
sAMM-USDT/FITFI,0x0348D8fabbcB84069662e454E4f714DcD5d0C412,sAMM,0x0000000000000000000000000000000000000000,0x0000000000000000000000000000000000000000
sAMM-OATH/LQDR,0xF2e2ADb0bec256184cF72DdF1642CEE7A6706866,sAMM,0x0000000000000000000000000000000000000000,0x0000000000000000000000000000000000000000
sAMM-IDIA/BUSD,0xf10c6a25A0fe12B69BE26281259EE5994BbCdB9c,sAMM,0x0000000000000000000000000000000000000000,0x0000000000000000000000000000000000000000
vAMM-FS/BUSD,0x6440889ed931cA08a0A06b064CB233138e8a263A,vAMM,0x0000000000000000000000000000000000000000,0x0000000000000000000000000000000000000000
vAMM-FS/USDC,0xeD6A13A30760C3a3795C5F5d7b6F911a3de0edD9,vAMM,0x0000000000000000000000000000000000000000,0x0000000000000000000000000000000000000000
sAMM-PRIMAL/BUSD,0xC6B5289f0Db1738f8C1D26cC09942028527bdDA3,sAMM,0x0000000000000000000000000000000000000000,0x0000000000000000000000000000000000000000
sAMM-BUSD/SLM,0x35d7d65c65fb3105b838292F7692DA414F1b45bf,sAMM,0xf690B803359ddFAf5BCF35Ad392e3065Eeb4170E,0x7Ec542f3C6bfF09ce20bBfA6beB31A0d4d0C5ae7
sAMM-DAI/MAI,0xe03e9EcC7d4C45c6985bfB909D9Bb3ACa5Ef18c0,sAMM,0x0000000000000000000000000000000000000000,0x0000000000000000000000000000000000000000
vAMM-jBRL/BRZ,0xB95c58277DdE24801C2A460BceA25a2d28A1591B,vAMM,0x0000000000000000000000000000000000000000,0x0000000000000000000000000000000000000000
vAMM-FFH/WBNB,0x3d3F41D3Faaa4F3e91F9dc65A2790F809e045bB7,vAMM,0x0000000000000000000000000000000000000000,0x0000000000000000000000000000000000000000
vAMM-MAI/FXS,0x10F9f7355Fb75C73718Afad8AdBc7BF72c5A0715,vAMM,0x0000000000000000000000000000000000000000,0x0000000000000000000000000000000000000000
